tau,tauDot,q,qDot,u
-1,0,-100,0,0
-1,0,-99.9936,0,0
-1,0,-99.9873,0,0
-1,0,-99.9809,0,0
-1,0,-99.9745,0,0
-1,0,-99.9682,0,0
-1,0,-99.9618,0,0
-1,0,-99.9554,0,0
-1,0,-99.9491,0,0
-1,0,-99.9427,0,0
-1,0,-99.9363,0,0
-1,0,-99.93,0,0
-1,0,-99.9236,0,0
-1,0,-99.9172,0,0
-1,0,-99.9109,0,0
-1,0,-99.9045,0,0
-1,0,-99.8981,0,0
-1,0,-99.8918,0,0
-1,0,-99.8854,0,0
-1,0,-99.8791,0,0
-1,0,-99.8727,0,0
-1,0,-99.8663,0,0
-1,0,-99.86,0,0
-1,0,-99.8536,0,0
-1,0,-99.8473,0,0
-1,0,-99.8409,0,0
-1,0,-99.8345,0,0
-1,0,-99.8282,0,0
-1,0,-99.8218,0,0
-1,0,-99.8155,0,0
-1,0,-99.8091,0,0
-1,0,-99.8027,0,0
-1,0,-99.7964,0,0
-1,0,-99.79,0,0
-1,0,-99.7837,0,0
-1,0,-99.7773,0,0
-1,0,-99.771,0,0
-1,0,-99.7646,0,0
-1,0,-99.7583,0,0
-1,0,-99.7519,0,0
-1,0,-99.7455,0,0
-1,0,-99.7392,0,0
-1,0,-99.7328,0,0
-1,0,-99.7265,0,0
-1,0,-99.7201,0,0
-1,0,-99.7138,0,0
-1,0,-99.7074,0,0
-1,0,-99.7011,0,0
-1,0,-99.6947,0,0
-1,0,-99.6884,0,0
-1,0,-99.682,0,0
-1,0,-99.6757,0,0
-1,0,-99.6693,0,0
-1,0,-99.663,0,0
-1,0,-99.6566,0,0
-1,0,-99.6503,0,0
-1,0,-99.6439,0,0
-1,0,-99.6376,0,0
-1,0,-99.6313,0,0
-1,0,-99.6249,0,0
-1,0,-99.6186,0,0
-1,0,-99.6122,0,0
-1,0,-99.6059,0,0
-1,0,-99.5995,0,0
-1,0,-99.5932,0,0
-1,0,-99.5868,0,0
-1,0,-99.5805,0,0
-1,0,-99.5742,0,0
-1,0,-99.5678,0,0
-1,0,-99.5615,0,0
-1,0,-99.5551,0,0
-1,0,-99.5488,0,0
-1,0,-99.5425,0,0
-1,0,-99.5361,0,0
-1,0,-99.5298,0,0
-1,0,-99.5234,0,0
-1,0,-99.5171,0,0
-1,0,-99.5108,0,0
-1,0,-99.5044,0,0
-1,0,-99.4981,0,0
-1,0,-99.4917,0,0
-1,0,-99.4854,0,0
-1,0,-99.4791,0,0
-1,0,-99.4727,0,0
-1,0,-99.4664,0,0
-1,0,-99.4601,0,0
-1,0,-99.4537,0,0
-1,0,-99.4474,0,0
-1,0,-99.4411,0,0
-1,0,-99.4347,0,0
-1,0,-99.4284,0,0
-1,0,-99.4221,0,0
-1,0,-99.4157,0,0
-1,0,-99.4094,0,0
-1,0,-99.4031,0,0
-1,0,-99.3967,0,0
-1,0,-99.3904,0,0
-1,0,-99.3841,0,0
-1,0,-99.3777,0,0
-1,0,-99.3714,0,0
-1,0,-99.3651,0,0
-1,0,-99.3588,0,0
-1,0,-99.3524,0,0
-1,0,-99.3461,0,0
-1,0,-99.3398,0,0
-1,0,-99.3334,0,0
-1,0,-99.3271,0,0
-1,0,-99.3208,0,0
-1,0,-99.3145,0,0
-1,0,-99.3081,0,0
-1,0,-99.3018,0,0
-1,0,-99.2955,0,0
-1,0,-99.2892,0,0
-1,0,-99.2828,0,0
-1,0,-99.2765,0,0
-1,0,-99.2702,0,0
-1,0,-99.2639,0,0
-1,0,-99.2575,0,0
-1,0,-99.2512,0,0
-1,0,-99.2449,0,0
-1,0,-99.2386,0,0
-1,0,-99.2323,0,0
-1,0,-99.2259,0,0
-1,0,-99.2196,0,0
-1,0,-99.2133,0,0
-1,0,-99.207,0,0
-1,0,-99.2007,0,0
-1,0,-99.1943,0,0
-1,0,-99.188,0,0
-1,0,-99.1817,0,0
-1,0,-99.1754,0,0
-1,0,-99.1691,0,0
-1,0,-99.1628,0,0
-1,0,-99.1564,0,0
-1,0,-99.1501,0,0
-1,0,-99.1438,0,0
-1,0,-99.1375,0,0
-1,0,-99.1312,0,0
-1,0,-99.1249,0,0
-1,0,-99.1186,0,0
-1,0,-99.1122,0,0
-1,0,-99.1059,0,0
-1,0,-99.0996,0,0
-1,0,-99.0933,0,0
-1,0,-99.087,0,0
-1,0,-99.0807,0,0
-1,0,-99.0744,0,0
-1,0,-99.0681,0,0
-1,0,-99.0618,0,0
-1,0,-99.0554,0,0
-1,0,-99.0491,0,0
-1,0,-99.0428,0,0
-1,0,-99.0365,0,0
-1,0,-99.0302,0,0
-1,0,-99.0239,0,0
-1,0,-99.0176,0,0
-1,0,-99.0113,0,0
-1,0,-99.005,0,0
-1,0,-98.9987,0,0
-1,0,-98.9924,0,0
-1,0,-98.9861,0,0
-1,0,-98.9798,0,0
-1,0,-98.9735,0,0
-1,0,-98.9672,0,0
-1,0,-98.9609,0,0
-1,0,-98.9545,0,0
-1,0,-98.9482,0,0
-1,0,-98.9419,0,0
-1,0,-98.9356,0,0
-1,0,-98.9293,0,0
-1,0,-98.923,0,0
-1,0,-98.9167,0,0
-1,0,-98.9104,0,0
-1,0,-98.9041,0,0
-1,0,-98.8978,0,0
-1,0,-98.8915,0,0
-1,0,-98.8852,0,0
-1,0,-98.8789,0,0
-1,0,-98.8726,0,0
-1,0,-98.8663,0,0
-1,0,-98.8601,0,0
-1,0,-98.8538,0,0
-1,0,-98.8475,0,0
-1,0,-98.8412,0,0
-1,0,-98.8349,0,0
-1,0,-98.8286,0,0
-1,0,-98.8223,0,0
-1,0,-98.816,0,0
-1,0,-98.8097,0,0
-1,0,-98.8034,0,0
-1,0,-98.7971,0,0
-1,0,-98.7908,0,0
-1,0,-98.7845,0,0
-1,0,-98.7782,0,0
-1,0,-98.7719,0,0
-1,0,-98.7656,0,0
-1,0,-98.7594,0,0
-1,0,-98.7531,0,0
-1,0,-98.7468,0,0
-1,0,-98.7405,0,0
-1,0,-98.7342,0,0
-1,0,-98.7279,0,0
-1,0,-98.7216,0,0
-1,0,-98.7153,0,0
-1,0,-98.709,0,0
-1,0,-98.7028,0,0
-1,0,-98.6965,0,0
-1,0,-98.6902,0,0
-1,0,-98.6839,0,0
-1,0,-98.6776,0,0
-1,0,-98.6713,0,0
-1,0,-98.665,0,0
-1,0,-98.6588,0,0
-1,0,-98.6525,0,0
-1,0,-98.6462,0,0
-1,0,-98.6399,0,0
-1,0,-98.6336,0,0
-1,0,-98.6273,0,0
-1,0,-98.6211,0,0
-1,0,-98.6148,0,0
-1,0,-98.6085,0,0
-1,0,-98.6022,0,0
-1,0,-98.5959,0,0
-1,0,-98.5897,0,0
-1,0,-98.5834,0,0
-1,0,-98.5771,0,0
-1,0,-98.5708,0,0
-1,0,-98.5645,0,0
-1,0,-98.5583,0,0
-1,0,-98.552,0,0
-1,0,-98.5457,0,0
-1,0,-98.5394,0,0
-1,0,-98.5332,0,0
-1,0,-98.5269,0,0
-1,0,-98.5206,0,0
-1,0,-98.5143,0,0
-1,0,-98.5081,0,0
-1,0,-98.5018,0,0
-1,0,-98.4955,0,0
-1,0,-98.4892,0,0
-1,0,-98.483,0,0
-1,0,-98.4767,0,0
-1,0,-98.4704,0,0
-1,0,-98.4641,0,0
-1,0,-98.4579,0,0
-1,0,-98.4516,0,0
-1,0,-98.4453,0,0
-1,0,-98.4391,0,0
-1,0,-98.4328,0,0
-1,0,-98.4265,0,0
-1,0,-98.4203,0,0
-1,0,-98.414,0,0
-1,0,-98.4077,0,0
-1,0,-98.4014,0,0
-1,0,-98.3952,0,0
-1,0,-98.3889,0,0
-1,0,-98.3826,0,0
-1,0,-98.3764,0,0
-1,0,-98.3701,0,0
-1,0,-98.3639,0,0
-1,0,-98.3576,0,0
-1,0,-98.3513,0,0
-1,0,-98.3451,0,0
-1,0,-98.3388,0,0
-1,0,-98.3325,0,0
-1,0,-98.3263,0,0
-1,0,-98.32,0,0
-1,0,-98.3137,0,0
-1,0,-98.3075,0,0
-1,0,-98.3012,0,0
-1,0,-98.295,0,0
-1,0,-98.2887,0,0
-1,0,-98.2824,0,0
-1,0,-98.2762,0,0
-1,0,-98.2699,0,0
-1,0,-98.2637,0,0
-1,0,-98.2574,0,0
-1,0,-98.2511,0,0
-1,0,-98.2449,0,0
-1,0,-98.2386,0,0
-1,0,-98.2324,0,0
-1,0,-98.2261,0,0
-1,0,-98.2199,0,0
-1,0,-98.2136,0,0
-1,0,-98.2073,0,0
-1,0,-98.2011,0,0
-1,0,-98.1948,0,0
-1,0,-98.1886,0,0
-1,0,-98.1823,0,0
-1,0,-98.1761,0,0
-1,0,-98.1698,0,0
-1,0,-98.1636,0,0
-1,0,-98.1573,0,0
-1,0,-98.1511,0,0
-1,0,-98.1448,0,0
-1,0,-98.1386,0,0
-1,0,-98.1323,0,0
-1,0,-98.1261,0,0
-1,0,-98.1198,0,0
-1,0,-98.1136,0,0
-1,0,-98.1073,0,0
-1,0,-98.1011,0,0
-1,0,-98.0948,0,0
-1,0,-98.0886,0,0
-1,0,-98.0823,0,0
-1,0,-98.0761,0,0
-1,0,-98.0698,0,0
-1,0,-98.0636,0,0
-1,0,-98.0573,0,0
-1,0,-98.0511,0,0
-1,0,-98.0448,0,0
-1,0,-98.0386,0,0
-1,0,-98.0324,0,0
-1,0,-98.0261,0,0
-1,0,-98.0199,0,0
-1,0,-98.0136,0,0
-1,0,-98.0074,0,0
-1,0,-98.0011,0,0
-1,0,-97.9949,0,0
-1,0,-97.9887,0,0
-1,0,-97.9824,0,0
-1,0,-97.9762,0,0
-1,0,-97.9699,0,0
-1,0,-97.9637,0,0
-1,0,-97.9575,0,0
-1,0,-97.9512,0,0
-1,0,-97.945,0,0
-1,0,-97.9387,0,0
-1,0,-97.9325,0,0
-1,0,-97.9263,0,0
-1,0,-97.92,0,0
-1,0,-97.9138,0,0
-1,0,-97.9076,0,0
-1,0,-97.9013,0,0
-1,0,-97.8951,0,0
-1,0,-97.8888,0,0
-1,0,-97.8826,0,0
-1,0,-97.8764,0,0
-1,0,-97.8701,0,0
-1,0,-97.8639,0,0
-1,0,-97.8577,0,0
-1,0,-97.8514,0,0
-1,0,-97.8452,0,0
-1,0,-97.839,0,0
-1,0,-97.8327,0,0
-1,0,-97.8265,0,0
-1,0,-97.8203,0,0
-1,0,-97.8141,0,0
-1,0,-97.8078,0,0
-1,0,-97.8016,0,0
-1,0,-97.7954,0,0
-1,0,-97.7891,0,0
-1,0,-97.7829,0,0
-1,0,-97.7767,0,0
-1,0,-97.7705,0,0
-1,0,-97.7642,0,0
-1,0,-97.758,0,0
-1,0,-97.7518,0,0
-1,0,-97.7455,0,0
-1,0,-97.7393,0,0
-1,0,-97.7331,0,0
-1,0,-97.7269,0,0
-1,0,-97.7206,0,0
-1,0,-97.7144,0,0
-1,0,-97.7082,0,0
-1,0,-97.702,0,0
-1,0,-97.6958,0,0
-1,0,-97.6895,0,0
-1,0,-97.6833,0,0
-1,0,-97.6771,0,0
-1,0,-97.6709,0,0
-1,0,-97.6646,0,0
-1,0,-97.6584,0,0
-1,0,-97.6522,0,0
-1,0,-97.646,0,0
-1,0,-97.6398,0,0
-1,0,-97.6335,0,0
-1,0,-97.6273,0,0
-1,0,-97.6211,0,0
-1,0,-97.6149,0,0
-1,0,-97.6087,0,0
-1,0,-97.6025,0,0
-1,0,-97.5962,0,0
-1,0,-97.59,0,0
-1,0,-97.5838,0,0
-1,0,-97.5776,0,0
-1,0,-97.5714,0,0
-1,0,-97.5652,0,0
-1,0,-97.5589,0,0
-1,0,-97.5527,0,0
-1,0,-97.5465,0,0
-1,0,-97.5403,0,0
-1,0,-97.5341,0,0
-1,0,-97.5279,0,0
-1,0,-97.5217,0,0
-1,0,-97.5155,0,0
-1,0,-97.5093,0,0
-1,0,-97.503,0,0
-1,0,-97.4968,0,0
-1,0,-97.4906,0,0
-1,0,-97.4844,0,0
-1,0,-97.4782,0,0
-1,0,-97.472,0,0
-1,0,-97.4658,0,0
-1,0,-97.4596,0,0
-1,0,-97.4534,0,0
-1,0,-97.4472,0,0
-1,0,-97.441,0,0
-1,0,-97.4348,0,0
-1,0,-97.4285,0,0
-1,0,-97.4223,0,0
-1,0,-97.4161,0,0
-1,0,-97.4099,0,0
-1,0,-97.4037,0,0
-1,0,-97.3975,0,0
-1,0,-97.3913,0,0
-1,0,-97.3851,0,0
-1,0,-97.3789,0,0
-1,0,-97.3727,0,0
-1,0,-97.3665,0,0
-1,0,-97.3603,0,0
-1,0,-97.3541,0,0
-1,0,-97.3479,0,0
-1,0,-97.3417,0,0
-1,0,-97.3355,0,0
-1,0,-97.3293,0,0
-1,0,-97.3231,0,0
-1,0,-97.3169,0,0
-1,0,-97.3107,0,0
-1,0,-97.3045,0,0
-1,0,-97.2983,0,0
-1,0,-97.2921,0,0
-1,0,-97.2859,0,0
-1,0,-97.2797,0,0
-1,0,-97.2735,0,0
-1,0,-97.2673,0,0
-1,0,-97.2611,0,0
-1,0,-97.2549,0,0
-1,0,-97.2487,0,0
-1,0,-97.2426,0,0
-1,0,-97.2364,0,0
-1,0,-97.2302,0,0
-1,0,-97.224,0,0
-1,0,-97.2178,0,0
-1,0,-97.2116,0,0
-1,0,-97.2054,0,0
-1,0,-97.1992,0,0
-1,0,-97.193,0,0
-1,0,-97.1868,0,0
-1,0,-97.1806,0,0
-1,0,-97.1744,0,0
-1,0,-97.1683,0,0
-1,0,-97.1621,0,0
-1,0,-97.1559,0,0
-1,0,-97.1497,0,0
-1,0,-97.1435,0,0
-1,0,-97.1373,0,0
-1,0,-97.1311,0,0
-1,0,-97.1249,0,0
-1,0,-97.1188,0,0
-1,0,-97.1126,0,0
-1,0,-97.1064,0,0
-1,0,-97.1002,0,0
-1,0,-97.094,0,0
-1,0,-97.0878,0,0
-1,0,-97.0816,0,0
-1,0,-97.0755,0,0
-1,0,-97.0693,0,0
-1,0,-97.0631,0,0
-1,0,-97.0569,0,0
-1,0,-97.0507,0,0
-1,0,-97.0446,0,0
-1,0,-97.0384,0,0
-1,0,-97.0322,0,0
-1,0,-97.026,0,0
-1,0,-97.0198,0,0
-1,0,-97.0137,0,0
-1,0,-97.0075,0,0
-1,0,-97.0013,0,0
-1,0,-96.9951,0,0
-1,0,-96.9889,0,0
-1,0,-96.9828,0,0
-1,0,-96.9766,0,0
-1,0,-96.9704,0,0
-1,0,-96.9642,0,0
-1,0,-96.9581,0,0
-1,0,-96.9519,0,0
-1,0,-96.9457,0,0
-1,0,-96.9395,0,0
-1,0,-96.9334,0,0
-1,0,-96.9272,0,0
-1,0,-96.921,0,0
-1,0,-96.9148,0,0
-1,0,-96.9087,0,0
-1,0,-96.9025,0,0
-1,0,-96.8963,0,0
-1,0,-96.8901,0,0
-1,0,-96.884,0,0
-1,0,-96.8778,0,0
-1,0,-96.8716,0,0
-1,0,-96.8655,0,0
-1,0,-96.8593,0,0
-1,0,-96.8531,0,0
-1,0,-96.847,0,0
-1,0,-96.8408,0,0
-1,0,-96.8346,0,0
-1,0,-96.8285,0,0
-1,0,-96.8223,0,0
-1,0,-96.8161,0,0
-1,0,-96.81,0,0
-1,0,-96.8038,0,0
-1,0,-96.7976,0,0
-1,0,-96.7915,0,0
-1,0,-96.7853,0,0
-1,0,-96.7791,0,0
-1,0,-96.773,0,0
-1,0,-96.7668,0,0
-1,0,-96.7606,0,0
-1,0,-96.7545,0,0
-1,0,-96.7483,0,0
-1,0,-96.7421,0,0
-1,0,-96.736,0,0
-1,0,-96.7298,0,0
-1,0,-96.7237,0,0
-1,0,-96.7175,0,0
-1,0,-96.7113,0,0
-1,0,-96.7052,0,0
-1,0,-96.699,0,0
-1,0,-96.6929,0,0
-1,0,-96.6867,0,0
-1,0,-96.6805,0,0
-1,0,-96.6744,0,0
-1,0,-96.6682,0,0
-1,0,-96.6621,0,0
-1,0,-96.6559,0,0
-1,0,-96.6498,0,0
-1,0,-96.6436,0,0
-1,0,-96.6375,0,0
-1,0,-96.6313,0,0
-1,0,-96.6251,0,0
-1,0,-96.619,0,0
-1,0,-96.6128,0,0
-1,0,-96.6067,0,0
-1,0,-96.6005,0,0
-1,0,-96.5944,0,0
-1,0,-96.5882,0,0
-1,0,-96.5821,0,0
-1,0,-96.5759,0,0
-1,0,-96.5698,0,0
-1,0,-96.5636,0,0
-1,0,-96.5575,0,0
-1,0,-96.5513,0,0
-1,0,-96.5452,0,0
-1,0,-96.539,0,0
-1,0,-96.5329,0,0
-1,0,-96.5267,0,0
-1,0,-96.5206,0,0
-1,0,-96.5144,0,0
-1,0,-96.5083,0,0
-1,0,-96.5021,0,0
-1,0,-96.496,0,0
-1,0,-96.4898,0,0
-1,0,-96.4837,0,0
-1,0,-96.4775,0,0
-1,0,-96.4714,0,0
-1,0,-96.4653,0,0
-1,0,-96.4591,0,0
-1,0,-96.453,0,0
-1,0,-96.4468,0,0
-1,0,-96.4407,0,0
-1,0,-96.4345,0,0
-1,0,-96.4284,0,0
-1,0,-96.4223,0,0
-1,0,-96.4161,0,0
-1,0,-96.41,0,0
-1,0,-96.4038,0,0
-1,0,-96.3977,0,0
-1,0,-96.3916,0,0
-1,0,-96.3854,0,0
-1,0,-96.3793,0,0
-1,0,-96.3731,0,0
-1,0,-96.367,0,0
-1,0,-96.3609,0,0
-1,0,-96.3547,0,0
-1,0,-96.3486,0,0
-1,0,-96.3425,0,0
-1,0,-96.3363,0,0
-1,0,-96.3302,0,0
-1,0,-96.324,0,0
-1,0,-96.3179,0,0
-1,0,-96.3118,0,0
-1,0,-96.3056,0,0
-1,0,-96.2995,0,0
-1,0,-96.2934,0,0
-1,0,-96.2872,0,0
-1,0,-96.2811,0,0
-1,0,-96.275,0,0
-1,0,-96.2688,0,0
-1,0,-96.2627,0,0
-1,0,-96.2566,0,0
-1,0,-96.2504,0,0
-1,0,-96.2443,0,0
-1,0,-96.2382,0,0
-1,0,-96.2321,0,0
-1,0,-96.2259,0,0
-1,0,-96.2198,0,0
-1,0,-96.2137,0,0
-1,0,-96.2075,0,0
-1,0,-96.2014,0,0
-1,0,-96.1953,0,0
-1,0,-96.1892,0,0
-1,0,-96.183,0,0
-1,0,-96.1769,0,0
-1,0,-96.1708,0,0
-1,0,-96.1647,0,0
-1,0,-96.1585,0,0
-1,0,-96.1524,0,0
-1,0,-96.1463,0,0
-1,0,-96.1402,0,0
-1,0,-96.134,0,0
-1,0,-96.1279,0,0
-1,0,-96.1218,0,0
-1,0,-96.1157,0,0
-1,0,-96.1095,0,0
-1,0,-96.1034,0,0
-1,0,-96.0973,0,0
-1,0,-96.0912,0,0
-1,0,-96.0851,0,0
-1,0,-96.0789,0,0
-1,0,-96.0728,0,0
-1,0,-96.0667,0,0
-1,0,-96.0606,0,0
-1,0,-96.0545,0,0
-1,0,-96.0484,0,0
-1,0,-96.0422,0,0
-1,0,-96.0361,0,0
-1,0,-96.03,0,0
-1,0,-96.0239,0,0
-1,0,-96.0178,0,0
-1,0,-96.0117,0,0
-1,0,-96.0055,0,0
-1,0,-95.9994,0,0
-1,0,-95.9933,0,0
-1,0,-95.9872,0,0
-1,0,-95.9811,0,0
-1,0,-95.975,0,0
-1,0,-95.9689,0,0
-1,0,-95.9627,0,0
-1,0,-95.9566,0,0
-1,0,-95.9505,0,0
-1,0,-95.9444,0,0
-1,0,-95.9383,0,0
-1,0,-95.9322,0,0
-1,0,-95.9261,0,0
-1,0,-95.92,0,0
-1,0,-95.9139,0,0
-1,0,-95.9077,0,0
-1,0,-95.9016,0,0
-1,0,-95.8955,0,0
-1,0,-95.8894,0,0
-1,0,-95.8833,0,0
-1,0,-95.8772,0,0
-1,0,-95.8711,0,0
-1,0,-95.865,0,0
-1,0,-95.8589,0,0
-1,0,-95.8528,0,0
-1,0,-95.8467,0,0
-1,0,-95.8406,0,0
-1,0,-95.8345,0,0
-1,0,-95.8284,0,0
-1,0,-95.8223,0,0
-1,0,-95.8162,0,0
-1,0,-95.8101,0,0
-1,0,-95.804,0,0
-1,0,-95.7979,0,0
-1,0,-95.7917,0,0
-1,0,-95.7856,0,0
-1,0,-95.7795,0,0
-1,0,-95.7734,0,0
-1,0,-95.7673,0,0
-1,0,-95.7612,0,0
-1,0,-95.7551,0,0
-1,0,-95.749,0,0
-1,0,-95.743,0,0
-1,0,-95.7369,0,0
-1,0,-95.7308,0,0
-1,0,-95.7247,0,0
-1,0,-95.7186,0,0
-1,0,-95.7125,0,0
-1,0,-95.7064,0,0
-1,0,-95.7003,0,0
-1,0,-95.6942,0,0
-1,0,-95.6881,0,0
-1,0,-95.682,0,0
-1,0,-95.6759,0,0
-1,0,-95.6698,0,0
-1,0,-95.6637,0,0
-1,0,-95.6576,0,0
-1,0,-95.6515,0,0
-1,0,-95.6454,0,0
-1,0,-95.6393,0,0
-1,0,-95.6332,0,0
-1,0,-95.6272,0,0
-1,0,-95.6211,0,0
-1,0,-95.615,0,0
-1,0,-95.6089,0,0
-1,0,-95.6028,0,0
-1,0,-95.5967,0,0
-1,0,-95.5906,0,0
-1,0,-95.5845,0,0
-1,0,-95.5784,0,0
-1,0,-95.5724,0,0
-1,0,-95.5663,0,0
-1,0,-95.5602,0,0
-1,0,-95.5541,0,0
-1,0,-95.548,0,0
-1,0,-95.5419,0,0
-1,0,-95.5358,0,0
-1,0,-95.5297,0,0
-1,0,-95.5237,0,0
-1,0,-95.5176,0,0
-1,0,-95.5115,0,0
-1,0,-95.5054,0,0
-1,0,-95.4993,0,0
-1,0,-95.4932,0,0
-1,0,-95.4872,0,0
-1,0,-95.4811,0,0
-1,0,-95.475,0,0
-1,0,-95.4689,0,0
-1,0,-95.4628,0,0
-1,0,-95.4568,0,0
-1,0,-95.4507,0,0
-1,0,-95.4446,0,0
-1,0,-95.4385,0,0
-1,0,-95.4324,0,0
-1,0,-95.4264,0,0
-1,0,-95.4203,0,0
-1,0,-95.4142,0,0
-1,0,-95.4081,0,0
-1,0,-95.4021,0,0
-1,0,-95.396,0,0
-1,0,-95.3899,0,0
-1,0,-95.3838,0,0
-1,0,-95.3778,0,0
-1,0,-95.3717,0,0
-1,0,-95.3656,0,0
-1,0,-95.3595,0,0
-1,0,-95.3535,0,0
-1,0,-95.3474,0,0
-1,0,-95.3413,0,0
-1,0,-95.3352,0,0
-1,0,-95.3292,0,0
-1,0,-95.3231,0,0
-1,0,-95.317,0,0
-1,0,-95.311,0,0
-1,0,-95.3049,0,0
-1,0,-95.2988,0,0
-1,0,-95.2927,0,0
-1,0,-95.2867,0,0
-1,0,-95.2806,0,0
-1,0,-95.2745,0,0
-1,0,-95.2685,0,0
-1,0,-95.2624,0,0
-1,0,-95.2563,0,0
-1,0,-95.2503,0,0
-1,0,-95.2442,0,0
-1,0,-95.2381,0,0
-1,0,-95.2321,0,0
-1,0,-95.226,0,0
-1,0,-95.2199,0,0
-1,0,-95.2139,0,0
-1,0,-95.2078,0,0
-1,0,-95.2017,0,0
-1,0,-95.1957,0,0
-1,0,-95.1896,0,0
-1,0,-95.1835,0,0
-1,0,-95.1775,0,0
-1,0,-95.1714,0,0
-1,0,-95.1654,0,0
-1,0,-95.1593,0,0
-1,0,-95.1532,0,0
-1,0,-95.1472,0,0
-1,0,-95.1411,0,0
-1,0,-95.1351,0,0
-1,0,-95.129,0,0
-1,0,-95.1229,0,0
-1,0,-95.1169,0,0
-1,0,-95.1108,0,0
-1,0,-95.1048,0,0
-1,0,-95.0987,0,0
-1,0,-95.0927,0,0
-1,0,-95.0866,0,0
-1,0,-95.0805,0,0
-1,0,-95.0745,0,0
-1,0,-95.0684,0,0
-1,0,-95.0624,0,0
-1,0,-95.0563,0,0
-1,0,-95.0503,0,0
-1,0,-95.0442,0,0
-1,0,-95.0382,0,0
-1,0,-95.0321,0,0
-1,0,-95.0261,0,0
-1,0,-95.02,0,0
-1,0,-95.0139,0,0
-1,0,-95.0079,0,0
-1,0,-95.0018,0,0
-1,0,-94.9958,0,0
-1,0,-94.9897,0,0
-1,0,-94.9837,0,0
-1,0,-94.9776,0,0
-1,0,-94.9716,0,0
-1,0,-94.9655,0,0
-1,0,-94.9595,0,0
-1,0,-94.9534,0,0
-1,0,-94.9474,0,0
-1,0,-94.9414,0,0
-1,0,-94.9353,0,0
-1,0,-94.9293,0,0
-1,0,-94.9232,0,0
-1,0,-94.9172,0,0
-1,0,-94.9111,0,0
-1,0,-94.9051,0,0
-1,0,-94.899,0,0
-1,0,-94.893,0,0
-1,0,-94.8869,0,0
-1,0,-94.8809,0,0
-1,0,-94.8749,0,0
-1,0,-94.8688,0,0
-1,0,-94.8628,0,0
-1,0,-94.8567,0,0
-1,0,-94.8507,0,0
-1,0,-94.8446,0,0
-1,0,-94.8386,0,0
-1,0,-94.8326,0,0
-1,0,-94.8265,0,0
-1,0,-94.8205,0,0
-1,0,-94.8144,0,0
-1,0,-94.8084,0,0
-1,0,-94.8024,0,0
-1,0,-94.7963,0,0
-1,0,-94.7903,0,0
-1,0,-94.7843,0,0
-1,0,-94.7782,0,0
-1,0,-94.7722,0,0
-1,0,-94.7661,0,0
-1,0,-94.7601,0,0
-1,0,-94.7541,0,0
-1,0,-94.748,0,0
-1,0,-94.742,0,0
-1,0,-94.736,0,0
-1,0,-94.7299,0,0
-1,0,-94.7239,0,0
-1,0,-94.7179,0,0
-1,0,-94.7118,0,0
-1,0,-94.7058,0,0
-1,0,-94.6998,0,0
-1,0,-94.6937,0,0
-1,0,-94.6877,0,0
-1,0,-94.6817,0,0
-1,0,-94.6756,0,0
-1,0,-94.6696,0,0
-1,0,-94.6636,0,0
-1,0,-94.6576,0,0
-1,0,-94.6515,0,0
-1,0,-94.6455,0,0
-1,0,-94.6395,0,0
-1,0,-94.6334,0,0
-1,0,-94.6274,0,0
-1,0,-94.6214,0,0
-1,0,-94.6154,0,0
-1,0,-94.6093,0,0
-1,0,-94.6033,0,0
-1,0,-94.5973,0,0
-1,0,-94.5913,0,0
-1,0,-94.5852,0,0
-1,0,-94.5792,0,0
-1,0,-94.5732,0,0
-1,0,-94.5672,0,0
-1,0,-94.5611,0,0
-1,0,-94.5551,0,0
-1,0,-94.5491,0,0
-1,0,-94.5431,0,0
-1,0,-94.5371,0,0
-1,0,-94.531,0,0
-1,0,-94.525,0,0
-1,0,-94.519,0,0
-1,0,-94.513,0,0
-1,0,-94.5069,0,0
-1,0,-94.5009,0,0
-1,0,-94.4949,0,0
-1,0,-94.4889,0,0
-1,0,-94.4829,0,0
-1,0,-94.4769,0,0
-1,0,-94.4708,0,0
-1,0,-94.4648,0,0
-1,0,-94.4588,0,0
-1,0,-94.4528,0,0
-1,0,-94.4468,0,0
-1,0,-94.4408,0,0
-1,0,-94.4347,0,0
-1,0,-94.4287,0,0
-1,0,-94.4227,0,0
-1,0,-94.4167,0,0
-1,0,-94.4107,0,0
-1,0,-94.4047,0,0
-1,0,-94.3987,0,0
-1,0,-94.3926,0,0
-1,0,-94.3866,0,0
-1,0,-94.3806,0,0
-1,0,-94.3746,0,0
-1,0,-94.3686,0,0
-1,0,-94.3626,0,0
-1,0,-94.3566,0,0
-1,0,-94.3506,0,0
-1,0,-94.3446,0,0
-1,0,-94.3386,0,0
-1,0,-94.3325,0,0
-1,0,-94.3265,0,0
-1,0,-94.3205,0,0
-1,0,-94.3145,0,0
-1,0,-94.3085,0,0
-1,0,-94.3025,0,0
-1,0,-94.2965,0,0
-1,0,-94.2905,0,0
-1,0,-94.2845,0,0
-1,0,-94.2785,0,0
-1,0,-94.2725,0,0
-1,0,-94.2665,0,0
-1,0,-94.2605,0,0
-1,0,-94.2545,0,0
-1,0,-94.2485,0,0
-1,0,-94.2425,0,0
-1,0,-94.2365,0,0
-1,0,-94.2305,0,0
-1,0,-94.2245,0,0
-1,0,-94.2185,0,0
-1,0,-94.2125,0,0
-1,0,-94.2065,0,0
-1,0,-94.2005,0,0
-1,0,-94.1945,0,0
-1,0,-94.1885,0,0
-1,0,-94.1825,0,0
-1,0,-94.1765,0,0
-1,0,-94.1705,0,0
-1,0,-94.1645,0,0
-1,0,-94.1585,0,0
-1,0,-94.1525,0,0
-1,0,-94.1465,0,0
-1,0,-94.1405,0,0
-1,0,-94.1345,0,0
-1,0,-94.1285,0,0
-1,0,-94.1225,0,0
-1,0,-94.1165,0,0
-1,0,-94.1105,0,0
-1,0,-94.1045,0,0
-1,0,-94.0985,0,0
-1,0,-94.0925,0,0
-1,0,-94.0865,0,0
-1,0,-94.0805,0,0
-1,0,-94.0745,0,0
-1,0,-94.0685,0,0
-1,0,-94.0626,0,0
-1,0,-94.0566,0,0
-1,0,-94.0506,0,0
-1,0,-94.0446,0,0
-1,0,-94.0386,0,0
-1,0,-94.0326,0,0
-1,0,-94.0266,0,0
-1,0,-94.0206,0,0
-1,0,-94.0146,0,0
-1,0,-94.0086,0,0
-1,0,-94.0027,0,0
-1,0,-93.9967,0,0
-1,0,-93.9907,0,0
-1,0,-93.9847,0,0
-1,0,-93.9787,0,0
-1,0,-93.9727,0,0
-1,0,-93.9667,0,0
-1,0,-93.9608,0,0
-1,0,-93.9548,0,0
-1,0,-93.9488,0,0
-1,0,-93.9428,0,0
-1,0,-93.9368,0,0
-1,0,-93.9308,0,0
-1,0,-93.9249,0,0
-1,0,-93.9189,0,0
-1,0,-93.9129,0,0
-1,0,-93.9069,0,0
-1,0,-93.9009,0,0
-1,0,-93.8949,0,0
-1,0,-93.889,0,0
-1,0,-93.883,0,0
-1,0,-93.877,0,0
-1,0,-93.871,0,0
-1,0,-93.865,0,0
-1,0,-93.8591,0,0
-1,0,-93.8531,0,0
-1,0,-93.8471,0,0
-1,0,-93.8411,0,0
-1,0,-93.8352,0,0
-1,0,-93.8292,0,0
-1,0,-93.8232,0,0
-1,0,-93.8172,0,0
-1,0,-93.8113,0,0
-1,0,-93.8053,0,0
-1,0,-93.7993,0,0
-1,0,-93.7933,0,0
-1,0,-93.7874,0,0
-1,0,-93.7814,0,0
-1,0,-93.7754,0,0
-1,0,-93.7694,0,0
-1,0,-93.7635,0,0
-1,0,-93.7575,0,0
-1,0,-93.7515,0,0
-1,0,-93.7456,0,0
-1,0,-93.7396,0,0
-1,0,-93.7336,0,0
-1,0,-93.7276,0,0
-1,0,-93.7217,0,0
-1,0,-93.7157,0,0
-1,0,-93.7097,0,0
-1,0,-93.7038,0,0
-1,0,-93.6978,0,0
-1,0,-93.6918,0,0
-1,0,-93.6859,0,0
-1,0,-93.6799,0,0
-1,0,-93.6739,0,0
-1,0,-93.668,0,0
-1,0,-93.662,0,0
-1,0,-93.656,0,0
-1,0,-93.6501,0,0
-1,0,-93.6441,0,0
-1,0,-93.6381,0,0
-1,0,-93.6322,0,0
-1,0,-93.6262,0,0
-1,0,-93.6202,0,0
-1,0,-93.6143,0,0
-1,0,-93.6083,0,0
-1,0,-93.6024,0,0
-1,0,-93.5964,0,0
-1,0,-93.5904,0,0
-1,0,-93.5845,0,0
-1,0,-93.5785,0,0
-1,0,-93.5725,0,0
-1,0,-93.5666,0,0
-1,0,-93.5606,0,0
-1,0,-93.5547,0,0
-1,0,-93.5487,0,0
-1,0,-93.5428,0,0
-1,0,-93.5368,0,0
-1,0,-93.5308,0,0
-1,0,-93.5249,0,0
-1,0,-93.5189,0,0
-1,0,-93.513,0,0
-1,0,-93.507,0,0
-1,0,-93.5011,0,0
-1,0,-93.4951,0,0
-1,0,-93.4891,0,0
-1,0,-93.4832,0,0
-1,0,-93.4772,0,0
-1,0,-93.4713,0,0
-1,0,-93.4653,0,0
-1,0,-93.4594,0,0
-1,0,-93.4534,0,0
-1,0,-93.4475,0,0
-1,0,-93.4415,0,0
-1,0,-93.4356,0,0
-1,0,-93.4296,0,0
-1,0,-93.4237,0,0
-1,0,-93.4177,0,0
-1,0,-93.4118,0,0
-1,0,-93.4058,0,0
-1,0,-93.3999,0,0
-1,0,-93.3939,0,0
-1,0,-93.388,0,0
-1,0,-93.382,0,0
-1,0,-93.3761,0,0
-1,0,-93.3701,0,0
-1,0,-93.3642,0,0
-1,0,-93.3582,0,0
-1,0,-93.3523,0,0
-1,0,-93.3463,0,0
-1,0,-93.3404,0,0
-1,0,-93.3345,0,0
-1,0,-93.3285,0,0
-1,0,-93.3226,0,0
-1,0,-93.3166,0,0
-1,0,-93.3107,0,0
-1,0,-93.3047,0,0
-1,0,-93.2988,0,0
-1,0,-93.2928,0,0
-1,0,-93.2869,0,0
-1,0,-93.281,0,0
-1,0,-93.275,0,0
-1,0,-93.2691,0,0
-1,0,-93.2631,0,0
-1,0,-93.2572,0,0
-1,0,-93.2513,0,0
-1,0,-93.2453,0,0
-1,0,-93.2394,0,0
-1,0,-93.2334,0,0
-1,0,-93.2275,0,0
-1,0,-93.2216,0,0
-1,0,-93.2156,0,0
-1,0,-93.2097,0,0
-1,0,-93.2038,0,0
-1,0,-93.1978,0,0
-1,0,-93.1919,0,0
-1,0,-93.1859,0,0
-1,0,-93.18,0,0
-1,0,-93.1741,0,0
-1,0,-93.1681,0,0
-1,0,-93.1622,0,0
-1,0,-93.1563,0,0
-1,0,-93.1503,0,0
-1,0,-93.1444,0,0
-1,0,-93.1385,0,0
-1,0,-93.1325,0,0
-1,0,-93.1266,0,0
-1,0,-93.1207,0,0
-1,0,-93.1148,0,0
-1,0,-93.1088,0,0
-1,0,-93.1029,0,0
-1,0,-93.097,0,0
-1,0,-93.091,0,0
-1,0,-93.0851,0,0
-1,0,-93.0792,0,0
-1,0,-93.0732,0,0
-1,0,-93.0673,0,0
-1,0,-93.0614,0,0
-1,0,-93.0555,0,0
-1,0,-93.0495,0,0
-1,0,-93.0436,0,0
-1,0,-93.0377,0,0
-1,0,-93.0318,0,0
-1,0,-93.0258,0,0
-1,0,-93.0199,0,0
-1,0,-93.014,0,0
-1,0,-93.0081,0,0
-1,0,-93.0021,0,0
-1,0,-92.9962,0,0
-1,0,-92.9903,0,0
-1,0,-92.9844,0,0
-1,0,-92.9784,0,0
-1,0,-92.9725,0,0
-1,0,-92.9666,0,0
-1,0,-92.9607,0,0
-1,0,-92.9548,0,0
-1,0,-92.9488,0,0
-1,0,-92.9429,0,0
-1,0,-92.937,0,0
-1,0,-92.9311,0,0
-1,0,-92.9252,0,0
-1,0,-92.9192,0,0
-1,0,-92.9133,0,0
-1,0,-92.9074,0,0
-1,0,-92.9015,0,0
-1,0,-92.8956,0,0
-1,0,-92.8896,0,0
-1,0,-92.8837,0,0
-1,0,-92.8778,0,0
-1,0,-92.8719,0,0
-1,0,-92.866,0,0
-1,0,-92.8601,0,0
-1,0,-92.8542,0,0
-1,0,-92.8482,0,0
-1,0,-92.8423,0,0
-1,0,-92.8364,0,0
-1,0,-92.8305,0,0
-1,0,-92.8246,0,0
-1,0,-92.8187,0,0
-1,0,-92.8128,0,0
-1,0,-92.8069,0,0
-1,0,-92.8009,0,0
-1,0,-92.795,0,0
-1,0,-92.7891,0,0
-1,0,-92.7832,0,0
-1,0,-92.7773,0,0
-1,0,-92.7714,0,0
-1,0,-92.7655,0,0
-1,0,-92.7596,0,0
-1,0,-92.7537,0,0
-1,0,-92.7478,0,0
-1,0,-92.7419,0,0
-1,0,-92.7359,0,0
-1,0,-92.73,0,0
-1,0,-92.7241,0,0
-1,0,-92.7182,0,0
-1,0,-92.7123,0,0
-1,0,-92.7064,0,0
-1,0,-92.7005,0,0
-1,0,-92.6946,0,0
-1,0,-92.6887,0,0
-1,0,-92.6828,0,0
-1,0,-92.6769,0,0
-1,0,-92.671,0,0
-1,0,-92.6651,0,0
-1,0,-92.6592,0,0
-1,0,-92.6533,0,0
-1,0,-92.6474,0,0
-1,0,-92.6415,0,0
-1,0,-92.6356,0,0
-1,0,-92.6297,0,0
-1,0,-92.6238,0,0
-1,0,-92.6179,0,0
-1,0,-92.612,0,0
-1,0,-92.6061,0,0
-1,0,-92.6002,0,0
-1,0,-92.5943,0,0
-1,0,-92.5884,0,0
-1,0,-92.5825,0,0
-1,0,-92.5766,0,0
-1,0,-92.5707,0,0
-1,0,-92.5648,0,0
-1,0,-92.5589,0,0
-1,0,-92.553,0,0
-1,0,-92.5471,0,0
-1,0,-92.5412,0,0
-1,0,-92.5353,0,0
-1,0,-92.5294,0,0
-1,0,-92.5235,0,0
-1,0,-92.5177,0,0
-1,0,-92.5118,0,0
-1,0,-92.5059,0,0
-1,0,-92.5,0,0
-1,0,-92.4941,0,0
-1,0,-92.4882,0,0
-1,0,-92.4823,0,0
-1,0,-92.4764,0,0
-1,0,-92.4705,0,0
-1,0,-92.4646,0,0
-1,0,-92.4587,0,0
-1,0,-92.4529,0,0
-1,0,-92.447,0,0
-1,0,-92.4411,0,0
-1,0,-92.4352,0,0
-1,0,-92.4293,0,0
-1,0,-92.4234,0,0
-1,0,-92.4175,0,0
-1,0,-92.4116,0,0
-1,0,-92.4058,0,0
-1,0,-92.3999,0,0
-1,0,-92.394,0,0
-1,0,-92.3881,0,0
-1,0,-92.3822,0,0
-1,0,-92.3763,0,0
-1,0,-92.3705,0,0
-1,0,-92.3646,0,0
-1,0,-92.3587,0,0
-1,0,-92.3528,0,0
-1,0,-92.3469,0,0
-1,0,-92.341,0,0
-1,0,-92.3352,0,0
-1,0,-92.3293,0,0
-1,0,-92.3234,0,0
-1,0,-92.3175,0,0
-1,0,-92.3116,0,0
-1,0,-92.3058,0,0
-1,0,-92.2999,0,0
-1,0,-92.294,0,0
-1,0,-92.2881,0,0
-1,0,-92.2822,0,0
-1,0,-92.2764,0,0
-1,0,-92.2705,0,0
-1,0,-92.2646,0,0
-1,0,-92.2587,0,0
-1,0,-92.2529,0,0
-1,0,-92.247,0,0
-1,0,-92.2411,0,0
-1,0,-92.2352,0,0
-1,0,-92.2294,0,0
-1,0,-92.2235,0,0
-1,0,-92.2176,0,0
-1,0,-92.2117,0,0
-1,0,-92.2059,0,0
-1,0,-92.2,0,0
-1,0,-92.1941,0,0
-1,0,-92.1882,0,0
-1,0,-92.1824,0,0
-1,0,-92.1765,0,0
-1,0,-92.1706,0,0
-1,0,-92.1648,0,0
-1,0,-92.1589,0,0
-1,0,-92.153,0,0
-1,0,-92.1471,0,0
-1,0,-92.1413,0,0
-1,0,-92.1354,0,0
-1,0,-92.1295,0,0
-1,0,-92.1237,0,0
-1,0,-92.1178,0,0
-1,0,-92.1119,0,0
-1,0,-92.1061,0,0
-1,0,-92.1002,0,0
-1,0,-92.0943,0,0
-1,0,-92.0885,0,0
-1,0,-92.0826,0,0
-1,0,-92.0767,0,0
-1,0,-92.0709,0,0
-1,0,-92.065,0,0
-1,0,-92.0592,0,0
-1,0,-92.0533,0,0
-1,0,-92.0474,0,0
-1,0,-92.0416,0,0
-1,0,-92.0357,0,0
-1,0,-92.0298,0,0
-1,0,-92.024,0,0
-1,0,-92.0181,0,0
-1,0,-92.0123,0,0
-1,0,-92.0064,0,0
-1,0,-92.0005,0,0
-1,0,-91.9947,0,0
-1,0,-91.9888,0,0
-1,0,-91.983,0,0
-1,0,-91.9771,0,0
-1,0,-91.9712,0,0
-1,0,-91.9654,0,0
-1,0,-91.9595,0,0
-1,0,-91.9537,0,0
-1,0,-91.9478,0,0
-1,0,-91.942,0,0
-1,0,-91.9361,0,0
-1,0,-91.9302,0,0
-1,0,-91.9244,0,0
-1,0,-91.9185,0,0
-1,0,-91.9127,0,0
-1,0,-91.9068,0,0
-1,0,-91.901,0,0
-1,0,-91.8951,0,0
-1,0,-91.8893,0,0
-1,0,-91.8834,0,0
-1,0,-91.8776,0,0
-1,0,-91.8717,0,0
-1,0,-91.8659,0,0
-1,0,-91.86,0,0
-1,0,-91.8542,0,0
-1,0,-91.8483,0,0
-1,0,-91.8425,0,0
-1,0,-91.8366,0,0
-1,0,-91.8308,0,0
-1,0,-91.8249,0,0
-1,0,-91.8191,0,0
-1,0,-91.8132,0,0
-1,0,-91.8074,0,0
-1,0,-91.8015,0,0
-1,0,-91.7957,0,0
-1,0,-91.7898,0,0
-1,0,-91.784,0,0
-1,0,-91.7781,0,0
-1,0,-91.7723,0,0
-1,0,-91.7664,0,0
-1,0,-91.7606,0,0
-1,0,-91.7547,0,0
-1,0,-91.7489,0,0
-1,0,-91.7431,0,0
-1,0,-91.7372,0,0
-1,0,-91.7314,0,0
-1,0,-91.7255,0,0
-1,0,-91.7197,0,0
-1,0,-91.7138,0,0
-1,0,-91.708,0,0
-1,0,-91.7022,0,0
-1,0,-91.6963,0,0
-1,0,-91.6905,0,0
-1,0,-91.6846,0,0
-1,0,-91.6788,0,0
-1,0,-91.673,0,0
-1,0,-91.6671,0,0
-1,0,-91.6613,0,0
-1,0,-91.6554,0,0
-1,0,-91.6496,0,0
-1,0,-91.6438,0,0
-1,0,-91.6379,0,0
-1,0,-91.6321,0,0
-1,0,-91.6263,0,0
-1,0,-91.6204,0,0
-1,0,-91.6146,0,0
-1,0,-91.6088,0,0
-1,0,-91.6029,0,0
-1,0,-91.5971,0,0
-1,0,-91.5913,0,0
-1,0,-91.5854,0,0
-1,0,-91.5796,0,0
-1,0,-91.5738,0,0
-1,0,-91.5679,0,0
-1,0,-91.5621,0,0
-1,0,-91.5563,0,0
-1,0,-91.5504,0,0
-1,0,-91.5446,0,0
-1,0,-91.5388,0,0
-1,0,-91.5329,0,0
-1,0,-91.5271,0,0
-1,0,-91.5213,0,0
-1,0,-91.5154,0,0
-1,0,-91.5096,0,0
-1,0,-91.5038,0,0
-1,0,-91.498,0,0
-1,0,-91.4921,0,0
-1,0,-91.4863,0,0
-1,0,-91.4805,0,0
-1,0,-91.4747,0,0
-1,0,-91.4688,0,0
-1,0,-91.463,0,0
-1,0,-91.4572,0,0
-1,0,-91.4513,0,0
-1,0,-91.4455,0,0
-1,0,-91.4397,0,0
-1,0,-91.4339,0,0
-1,0,-91.4281,0,0
-1,0,-91.4222,0,0
-1,0,-91.4164,0,0
-1,0,-91.4106,0,0
-1,0,-91.4048,0,0
-1,0,-91.3989,0,0
-1,0,-91.3931,0,0
-1,0,-91.3873,0,0
-1,0,-91.3815,0,0
-1,0,-91.3757,0,0
-1,0,-91.3698,0,0
-1,0,-91.364,0,0
-1,0,-91.3582,0,0
-1,0,-91.3524,0,0
-1,0,-91.3466,0,0
-1,0,-91.3407,0,0
-1,0,-91.3349,0,0
-1,0,-91.3291,0,0
-1,0,-91.3233,0,0
-1,0,-91.3175,0,0
-1,0,-91.3117,0,0
-1,0,-91.3058,0,0
-1,0,-91.3,0,0
-1,0,-91.2942,0,0
-1,0,-91.2884,0,0
-1,0,-91.2826,0,0
-1,0,-91.2768,0,0
-1,0,-91.271,0,0
-1,0,-91.2651,0,0
-1,0,-91.2593,0,0
-1,0,-91.2535,0,0
-1,0,-91.2477,0,0
-1,0,-91.2419,0,0
-1,0,-91.2361,0,0
-1,0,-91.2303,0,0
-1,0,-91.2245,0,0
-1,0,-91.2186,0,0
-1,0,-91.2128,0,0
-1,0,-91.207,0,0
-1,0,-91.2012,0,0
-1,0,-91.1954,0,0
-1,0,-91.1896,0,0
-1,0,-91.1838,0,0
-1,0,-91.178,0,0
-1,0,-91.1722,0,0
-1,0,-91.1664,0,0
-1,0,-91.1606,0,0
-1,0,-91.1548,0,0
-1,0,-91.149,0,0
-1,0,-91.1431,0,0
-1,0,-91.1373,0,0
-1,0,-91.1315,0,0
-1,0,-91.1257,0,0
-1,0,-91.1199,0,0
-1,0,-91.1141,0,0
-1,0,-91.1083,0,0
-1,0,-91.1025,0,0
-1,0,-91.0967,0,0
-1,0,-91.0909,0,0
-1,0,-91.0851,0,0
-1,0,-91.0793,0,0
-1,0,-91.0735,0,0
-1,0,-91.0677,0,0
-1,0,-91.0619,0,0
-1,0,-91.0561,0,0
-1,0,-91.0503,0,0
-1,0,-91.0445,0,0
-1,0,-91.0387,0,0
-1,0,-91.0329,0,0
-1,0,-91.0271,0,0
-1,0,-91.0213,0,0
-1,0,-91.0155,0,0
-1,0,-91.0097,0,0
-1,0,-91.0039,0,0
-1,0,-90.9981,0,0
-1,0,-90.9923,0,0
-1,0,-90.9865,0,0
-1,0,-90.9807,0,0
-1,0,-90.975,0,0
-1,0,-90.9692,0,0
-1,0,-90.9634,0,0
-1,0,-90.9576,0,0
-1,0,-90.9518,0,0
-1,0,-90.946,0,0
-1,0,-90.9402,0,0
-1,0,-90.9344,0,0
-1,0,-90.9286,0,0
-1,0,-90.9228,0,0
-1,0,-90.917,0,0
-1,0,-90.9112,0,0
-1,0,-90.9054,0,0
-1,0,-90.8997,0,0
-1,0,-90.8939,0,0
-1,0,-90.8881,0,0
-1,0,-90.8823,0,0
-1,0,-90.8765,0,0
-1,0,-90.8707,0,0
-1,0,-90.8649,0,0
-1,0,-90.8591,0,0
-1,0,-90.8533,0,0
-1,0,-90.8476,0,0
-1,0,-90.8418,0,0
-1,0,-90.836,0,0
-1,0,-90.8302,0,0
-1,0,-90.8244,0,0
-1,0,-90.8186,0,0
-1,0,-90.8128,0,0
-1,0,-90.8071,0,0
-1,0,-90.8013,0,0
-1,0,-90.7955,0,0
-1,0,-90.7897,0,0
-1,0,-90.7839,0,0
-1,0,-90.7781,0,0
-1,0,-90.7724,0,0
-1,0,-90.7666,0,0
-1,0,-90.7608,0,0
-1,0,-90.755,0,0
-1,0,-90.7492,0,0
-1,0,-90.7435,0,0
-1,0,-90.7377,0,0
-1,0,-90.7319,0,0
-1,0,-90.7261,0,0
-1,0,-90.7203,0,0
-1,0,-90.7146,0,0
-1,0,-90.7088,0,0
-1,0,-90.703,0,0
-1,0,-90.6972,0,0
-1,0,-90.6915,0,0
-1,0,-90.6857,0,0
-1,0,-90.6799,0,0
-1,0,-90.6741,0,0
-1,0,-90.6684,0,0
-1,0,-90.6626,0,0
-1,0,-90.6568,0,0
-1,0,-90.651,0,0
-1,0,-90.6453,0,0
-1,0,-90.6395,0,0
-1,0,-90.6337,0,0
-1,0,-90.6279,0,0
-1,0,-90.6222,0,0
-1,0,-90.6164,0,0
-1,0,-90.6106,0,0
-1,0,-90.6049,0,0
-1,0,-90.5991,0,0
-1,0,-90.5933,0,0
-1,0,-90.5875,0,0
-1,0,-90.5818,0,0
-1,0,-90.576,0,0
-1,0,-90.5702,0,0
-1,0,-90.5645,0,0
-1,0,-90.5587,0,0
-1,0,-90.5529,0,0
-1,0,-90.5472,0,0
-1,0,-90.5414,0,0
-1,0,-90.5356,0,0
-1,0,-90.5299,0,0
-1,0,-90.5241,0,0
-1,0,-90.5183,0,0
-1,0,-90.5126,0,0
-1,0,-90.5068,0,0
-1,0,-90.501,0,0
-1,0,-90.4953,0,0
-1,0,-90.4895,0,0
-1,0,-90.4837,0,0
-1,0,-90.478,0,0
-1,0,-90.4722,0,0
-1,0,-90.4665,0,0
-1,0,-90.4607,0,0
-1,0,-90.4549,0,0
-1,0,-90.4492,0,0
-1,0,-90.4434,0,0
-1,0,-90.4376,0,0
-1,0,-90.4319,0,0
-1,0,-90.4261,0,0
-1,0,-90.4204,0,0
-1,0,-90.4146,0,0
-1,0,-90.4088,0,0
-1,0,-90.4031,0,0
-1,0,-90.3973,0,0
-1,0,-90.3916,0,0
-1,0,-90.3858,0,0
-1,0,-90.3801,0,0
-1,0,-90.3743,0,0
-1,0,-90.3685,0,0
-1,0,-90.3628,0,0
-1,0,-90.357,0,0
-1,0,-90.3513,0,0
-1,0,-90.3455,0,0
-1,0,-90.3398,0,0
-1,0,-90.334,0,0
-1,0,-90.3283,0,0
-1,0,-90.3225,0,0
-1,0,-90.3168,0,0
-1,0,-90.311,0,0
-1,0,-90.3053,0,0
-1,0,-90.2995,0,0
-1,0,-90.2938,0,0
-1,0,-90.288,0,0
-1,0,-90.2823,0,0
-1,0,-90.2765,0,0
-1,0,-90.2708,0,0
-1,0,-90.265,0,0
-1,0,-90.2593,0,0
-1,0,-90.2535,0,0
-1,0,-90.2478,0,0
-1,0,-90.242,0,0
-1,0,-90.2363,0,0
-1,0,-90.2305,0,0
-1,0,-90.2248,0,0
-1,0,-90.219,0,0
-1,0,-90.2133,0,0
-1,0,-90.2075,0,0
-1,0,-90.2018,0,0
-1,0,-90.196,0,0
-1,0,-90.1903,0,0
-1,0,-90.1845,0,0
-1,0,-90.1788,0,0
-1,0,-90.1731,0,0
-1,0,-90.1673,0,0
-1,0,-90.1616,0,0
-1,0,-90.1558,0,0
-1,0,-90.1501,0,0
-1,0,-90.1443,0,0
-1,0,-90.1386,0,0
-1,0,-90.1329,0,0
-1,0,-90.1271,0,0
-1,0,-90.1214,0,0
-1,0,-90.1156,0,0
-1,0,-90.1099,0,0
-1,0,-90.1042,0,0
-1,0,-90.0984,0,0
-1,0,-90.0927,0,0
-1,0,-90.0869,0,0
-1,0,-90.0812,0,0
-1,0,-90.0755,0,0
-1,0,-90.0697,0,0
-1,0,-90.064,0,0
-1,0,-90.0583,0,0
-1,0,-90.0525,0,0
-1,0,-90.0468,0,0
-1,0,-90.0411,0,0
-1,0,-90.0353,0,0
-1,0,-90.0296,0,0
-1,0,-90.0239,0,0
-1,0,-90.0181,0,0
-1,0,-90.0124,0,0
-1,0,-90.0067,0,0
-1,0,-90.0009,0,0
-1,0,-89.9952,0,0
-1,0,-89.9895,0,0
-1,0,-89.9837,0,0
-1,0,-89.978,0,0
-1,0,-89.9723,0,0
-1,0,-89.9665,0,0
-1,0,-89.9608,0,0
-1,0,-89.9551,0,0
-1,0,-89.9493,0,0
-1,0,-89.9436,0,0
-1,0,-89.9379,0,0
-1,0,-89.9322,0,0
-1,0,-89.9264,0,0
-1,0,-89.9207,0,0
-1,0,-89.915,0,0
-1,0,-89.9092,0,0
-1,0,-89.9035,0,0
-1,0,-89.8978,0,0
-1,0,-89.8921,0,0
-1,0,-89.8863,0,0
-1,0,-89.8806,0,0
-1,0,-89.8749,0,0
-1,0,-89.8692,0,0
-1,0,-89.8634,0,0
-1,0,-89.8577,0,0
-1,0,-89.852,0,0
-1,0,-89.8463,0,0
-1,0,-89.8405,0,0
-1,0,-89.8348,0,0
-1,0,-89.8291,0,0
-1,0,-89.8234,0,0
-1,0,-89.8177,0,0
-1,0,-89.8119,0,0
-1,0,-89.8062,0,0
-1,0,-89.8005,0,0
-1,0,-89.7948,0,0
-1,0,-89.7891,0,0
-1,0,-89.7833,0,0
-1,0,-89.7776,0,0
-1,0,-89.7719,0,0
-1,0,-89.7662,0,0
-1,0,-89.7605,0,0
-1,0,-89.7548,0,0
-1,0,-89.749,0,0
-1,0,-89.7433,0,0
-1,0,-89.7376,0,0
-1,0,-89.7319,0,0
-1,0,-89.7262,0,0
-1,0,-89.7205,0,0
-1,0,-89.7147,0,0
-1,0,-89.709,0,0
-1,0,-89.7033,0,0
-1,0,-89.6976,0,0
-1,0,-89.6919,0,0
-1,0,-89.6862,0,0
-1,0,-89.6805,0,0
-1,0,-89.6748,0,0
-1,0,-89.669,0,0
-1,0,-89.6633,0,0
-1,0,-89.6576,0,0
-1,0,-89.6519,0,0
-1,0,-89.6462,0,0
-1,0,-89.6405,0,0
-1,0,-89.6348,0,0
-1,0,-89.6291,0,0
-1,0,-89.6234,0,0
-1,0,-89.6177,0,0
-1,0,-89.6119,0,0
-1,0,-89.6062,0,0
-1,0,-89.6005,0,0
-1,0,-89.5948,0,0
-1,0,-89.5891,0,0
-1,0,-89.5834,0,0
-1,0,-89.5777,0,0
-1,0,-89.572,0,0
-1,0,-89.5663,0,0
-1,0,-89.5606,0,0
-1,0,-89.5549,0,0
-1,0,-89.5492,0,0
-1,0,-89.5435,0,0
-1,0,-89.5378,0,0
-1,0,-89.5321,0,0
-1,0,-89.5264,0,0
-1,0,-89.5207,0,0
-1,0,-89.515,0,0
-1,0,-89.5093,0,0
-1,0,-89.5036,0,0
-1,0,-89.4979,0,0
-1,0,-89.4922,0,0
-1,0,-89.4865,0,0
-1,0,-89.4808,0,0
-1,0,-89.4751,0,0
-1,0,-89.4694,0,0
-1,0,-89.4637,0,0
-1,0,-89.458,0,0
-1,0,-89.4523,0,0
-1,0,-89.4466,0,0
-1,0,-89.4409,0,0
-1,0,-89.4352,0,0
-1,0,-89.4295,0,0
-1,0,-89.4238,0,0
-1,0,-89.4181,0,0
-1,0,-89.4124,0,0
-1,0,-89.4067,0,0
-1,0,-89.401,0,0
-1,0,-89.3953,0,0
-1,0,-89.3896,0,0
-1,0,-89.3839,0,0
-1,0,-89.3782,0,0
-1,0,-89.3725,0,0
-1,0,-89.3668,0,0
-1,0,-89.3612,0,0
-1,0,-89.3555,0,0
-1,0,-89.3498,0,0
-1,0,-89.3441,0,0
-1,0,-89.3384,0,0
-1,0,-89.3327,0,0
-1,0,-89.327,0,0
-1,0,-89.3213,0,0
-1,0,-89.3156,0,0
-1,0,-89.3099,0,0
-1,0,-89.3043,0,0
-1,0,-89.2986,0,0
-1,0,-89.2929,0,0
-1,0,-89.2872,0,0
-1,0,-89.2815,0,0
-1,0,-89.2758,0,0
-1,0,-89.2701,0,0
-1,0,-89.2644,0,0
-1,0,-89.2588,0,0
-1,0,-89.2531,0,0
-1,0,-89.2474,0,0
-1,0,-89.2417,0,0
-1,0,-89.236,0,0
-1,0,-89.2303,0,0
-1,0,-89.2247,0,0
-1,0,-89.219,0,0
-1,0,-89.2133,0,0
-1,0,-89.2076,0,0
-1,0,-89.2019,0,0
-1,0,-89.1962,0,0
-1,0,-89.1906,0,0
-1,0,-89.1849,0,0
-1,0,-89.1792,0,0
-1,0,-89.1735,0,0
-1,0,-89.1678,0,0
-1,0,-89.1622,0,0
-1,0,-89.1565,0,0
-1,0,-89.1508,0,0
-1,0,-89.1451,0,0
-1,0,-89.1395,0,0
-1,0,-89.1338,0,0
-1,0,-89.1281,0,0
-1,0,-89.1224,0,0
-1,0,-89.1167,0,0
-1,0,-89.1111,0,0
-1,0,-89.1054,0,0
-1,0,-89.0997,0,0
-1,0,-89.094,0,0
-1,0,-89.0884,0,0
-1,0,-89.0827,0,0
-1,0,-89.077,0,0
-1,0,-89.0713,0,0
-1,0,-89.0657,0,0
-1,0,-89.06,0,0
-1,0,-89.0543,0,0
-1,0,-89.0487,0,0
-1,0,-89.043,0,0
-1,0,-89.0373,0,0
-1,0,-89.0316,0,0
-1,0,-89.026,0,0
-1,0,-89.0203,0,0
-1,0,-89.0146,0,0
-1,0,-89.009,0,0
-1,0,-89.0033,0,0
-1,0,-88.9976,0,0
-1,0,-88.992,0,0
-1,0,-88.9863,0,0
-1,0,-88.9806,0,0
-1,0,-88.975,0,0
-1,0,-88.9693,0,0
-1,0,-88.9636,0,0
-1,0,-88.958,0,0
-1,0,-88.9523,0,0
-1,0,-88.9466,0,0
-1,0,-88.941,0,0
-1,0,-88.9353,0,0
-1,0,-88.9296,0,0
-1,0,-88.924,0,0
-1,0,-88.9183,0,0
-1,0,-88.9126,0,0
-1,0,-88.907,0,0
-1,0,-88.9013,0,0
-1,0,-88.8956,0,0
-1,0,-88.89,0,0
-1,0,-88.8843,0,0
-1,0,-88.8787,0,0
-1,0,-88.873,0,0
-1,0,-88.8673,0,0
-1,0,-88.8617,0,0
-1,0,-88.856,0,0
-1,0,-88.8504,0,0
-1,0,-88.8447,0,0
-1,0,-88.839,0,0
-1,0,-88.8334,0,0
-1,0,-88.8277,0,0
-1,0,-88.8221,0,0
-1,0,-88.8164,0,0
-1,0,-88.8108,0,0
-1,0,-88.8051,0,0
-1,0,-88.7994,0,0
-1,0,-88.7938,0,0
-1,0,-88.7881,0,0
-1,0,-88.7825,0,0
-1,0,-88.7768,0,0
-1,0,-88.7712,0,0
-1,0,-88.7655,0,0
-1,0,-88.7599,0,0
-1,0,-88.7542,0,0
-1,0,-88.7486,0,0
-1,0,-88.7429,0,0
-1,0,-88.7372,0,0
-1,0,-88.7316,0,0
-1,0,-88.7259,0,0
-1,0,-88.7203,0,0
-1,0,-88.7146,0,0
-1,0,-88.709,0,0
-1,0,-88.7033,0,0
-1,0,-88.6977,0,0
-1,0,-88.692,0,0
-1,0,-88.6864,0,0
-1,0,-88.6807,0,0
-1,0,-88.6751,0,0
-1,0,-88.6694,0,0
-1,0,-88.6638,0,0
-1,0,-88.6582,0,0
-1,0,-88.6525,0,0
-1,0,-88.6469,0,0
-1,0,-88.6412,0,0
-1,0,-88.6356,0,0
-1,0,-88.6299,0,0
-1,0,-88.6243,0,0
-1,0,-88.6186,0,0
-1,0,-88.613,0,0
-1,0,-88.6073,0,0
-1,0,-88.6017,0,0
-1,0,-88.5961,0,0
-1,0,-88.5904,0,0
-1,0,-88.5848,0,0
-1,0,-88.5791,0,0
-1,0,-88.5735,0,0
-1,0,-88.5678,0,0
-1,0,-88.5622,0,0
-1,0,-88.5566,0,0
-1,0,-88.5509,0,0
-1,0,-88.5453,0,0
-1,0,-88.5396,0,0
-1,0,-88.534,0,0
-1,0,-88.5284,0,0
-1,0,-88.5227,0,0
-1,0,-88.5171,0,0
-1,0,-88.5115,0,0
-1,0,-88.5058,0,0
-1,0,-88.5002,0,0
-1,0,-88.4945,0,0
-1,0,-88.4889,0,0
-1,0,-88.4833,0,0
-1,0,-88.4776,0,0
-1,0,-88.472,0,0
-1,0,-88.4664,0,0
-1,0,-88.4607,0,0
-1,0,-88.4551,0,0
-1,0,-88.4495,0,0
-1,0,-88.4438,0,0
-1,0,-88.4382,0,0
-1,0,-88.4326,0,0
-1,0,-88.4269,0,0
-1,0,-88.4213,0,0
-1,0,-88.4157,0,0
-1,0,-88.41,0,0
-1,0,-88.4044,0,0
-1,0,-88.3988,0,0
-1,0,-88.3931,0,0
-1,0,-88.3875,0,0
-1,0,-88.3819,0,0
-1,0,-88.3763,0,0
-1,0,-88.3706,0,0
-1,0,-88.365,0,0
-1,0,-88.3594,0,0
-1,0,-88.3537,0,0
-1,0,-88.3481,0,0
-1,0,-88.3425,0,0
-1,0,-88.3369,0,0
-1,0,-88.3312,0,0
-1,0,-88.3256,0,0
-1,0,-88.32,0,0
-1,0,-88.3144,0,0
-1,0,-88.3087,0,0
-1,0,-88.3031,0,0
-1,0,-88.2975,0,0
-1,0,-88.2919,0,0
-1,0,-88.2862,0,0
-1,0,-88.2806,0,0
-1,0,-88.275,0,0
-1,0,-88.2694,0,0
-1,0,-88.2637,0,0
-1,0,-88.2581,0,0
-1,0,-88.2525,0,0
-1,0,-88.2469,0,0
-1,0,-88.2413,0,0
-1,0,-88.2356,0,0
-1,0,-88.23,0,0
-1,0,-88.2244,0,0
-1,0,-88.2188,0,0
-1,0,-88.2132,0,0
-1,0,-88.2075,0,0
-1,0,-88.2019,0,0
-1,0,-88.1963,0,0
-1,0,-88.1907,0,0
-1,0,-88.1851,0,0
-1,0,-88.1795,0,0
-1,0,-88.1738,0,0
-1,0,-88.1682,0,0
-1,0,-88.1626,0,0
-1,0,-88.157,0,0
-1,0,-88.1514,0,0
-1,0,-88.1458,0,0
-1,0,-88.1401,0,0
-1,0,-88.1345,0,0
-1,0,-88.1289,0,0
-1,0,-88.1233,0,0
-1,0,-88.1177,0,0
-1,0,-88.1121,0,0
-1,0,-88.1065,0,0
-1,0,-88.1009,0,0
-1,0,-88.0952,0,0
-1,0,-88.0896,0,0
-1,0,-88.084,0,0
-1,0,-88.0784,0,0
-1,0,-88.0728,0,0
-1,0,-88.0672,0,0
-1,0,-88.0616,0,0
-1,0,-88.056,0,0
-1,0,-88.0504,0,0
-1,0,-88.0448,0,0
-1,0,-88.0392,0,0
-1,0,-88.0335,0,0
-1,0,-88.0279,0,0
-1,0,-88.0223,0,0
-1,0,-88.0167,0,0
-1,0,-88.0111,0,0
-1,0,-88.0055,0,0
-1,0,-87.9999,0,0
-1,0,-87.9943,0,0
-1,0,-87.9887,0,0
-1,0,-87.9831,0,0
-1,0,-87.9775,0,0
-1,0,-87.9719,0,0
-1,0,-87.9663,0,0
-1,0,-87.9607,0,0
-1,0,-87.9551,0,0
-1,0,-87.9495,0,0
-1,0,-87.9439,0,0
-1,0,-87.9383,0,0
-1,0,-87.9327,0,0
-1,0,-87.9271,0,0
-1,0,-87.9215,0,0
-1,0,-87.9159,0,0
-1,0,-87.9103,0,0
-1,0,-87.9047,0,0
-1,0,-87.8991,0,0
-1,0,-87.8935,0,0
-1,0,-87.8879,0,0
-1,0,-87.8823,0,0
-1,0,-87.8767,0,0
-1,0,-87.8711,0,0
-1,0,-87.8655,0,0
-1,0,-87.8599,0,0
-1,0,-87.8543,0,0
-1,0,-87.8487,0,0
-1,0,-87.8431,0,0
-1,0,-87.8375,0,0
-1,0,-87.8319,0,0
-1,0,-87.8263,0,0
-1,0,-87.8207,0,0
-1,0,-87.8151,0,0
-1,0,-87.8095,0,0
-1,0,-87.804,0,0
-1,0,-87.7984,0,0
-1,0,-87.7928,0,0
-1,0,-87.7872,0,0
-1,0,-87.7816,0,0
-1,0,-87.776,0,0
-1,0,-87.7704,0,0
-1,0,-87.7648,0,0
-1,0,-87.7592,0,0
-1,0,-87.7536,0,0
-1,0,-87.748,0,0
-1,0,-87.7425,0,0
-1,0,-87.7369,0,0
-1,0,-87.7313,0,0
-1,0,-87.7257,0,0
-1,0,-87.7201,0,0
-1,0,-87.7145,0,0
-1,0,-87.7089,0,0
-1,0,-87.7033,0,0
-1,0,-87.6978,0,0
-1,0,-87.6922,0,0
-1,0,-87.6866,0,0
-1,0,-87.681,0,0
-1,0,-87.6754,0,0
-1,0,-87.6698,0,0
-1,0,-87.6642,0,0
-1,0,-87.6587,0,0
-1,0,-87.6531,0,0
-1,0,-87.6475,0,0
-1,0,-87.6419,0,0
-1,0,-87.6363,0,0
-1,0,-87.6308,0,0
-1,0,-87.6252,0,0
-1,0,-87.6196,0,0
-1,0,-87.614,0,0
-1,0,-87.6084,0,0
-1,0,-87.6028,0,0
-1,0,-87.5973,0,0
-1,0,-87.5917,0,0
-1,0,-87.5861,0,0
-1,0,-87.5805,0,0
-1,0,-87.575,0,0
-1,0,-87.5694,0,0
-1,0,-87.5638,0,0
-1,0,-87.5582,0,0
-1,0,-87.5526,0,0
-1,0,-87.5471,0,0
-1,0,-87.5415,0,0
-1,0,-87.5359,0,0
-1,0,-87.5303,0,0
-1,0,-87.5248,0,0
-1,0,-87.5192,0,0
-1,0,-87.5136,0,0
-1,0,-87.508,0,0
-1,0,-87.5025,0,0
-1,0,-87.4969,0,0
-1,0,-87.4913,0,0
-1,0,-87.4857,0,0
-1,0,-87.4802,0,0
-1,0,-87.4746,0,0
-1,0,-87.469,0,0
-1,0,-87.4635,0,0
-1,0,-87.4579,0,0
-1,0,-87.4523,0,0
-1,0,-87.4468,0,0
-1,0,-87.4412,0,0
-1,0,-87.4356,0,0
-1,0,-87.43,0,0
-1,0,-87.4245,0,0
-1,0,-87.4189,0,0
-1,0,-87.4133,0,0
-1,0,-87.4078,0,0
-1,0,-87.4022,0,0
-1,0,-87.3966,0,0
-1,0,-87.3911,0,0
-1,0,-87.3855,0,0
-1,0,-87.3799,0,0
-1,0,-87.3744,0,0
-1,0,-87.3688,0,0
-1,0,-87.3632,0,0
-1,0,-87.3577,0,0
-1,0,-87.3521,0,0
-1,0,-87.3466,0,0
-1,0,-87.341,0,0
-1,0,-87.3354,0,0
-1,0,-87.3299,0,0
-1,0,-87.3243,0,0
-1,0,-87.3187,0,0
-1,0,-87.3132,0,0
-1,0,-87.3076,0,0
-1,0,-87.3021,0,0
-1,0,-87.2965,0,0
-1,0,-87.2909,0,0
-1,0,-87.2854,0,0
-1,0,-87.2798,0,0
-1,0,-87.2743,0,0
-1,0,-87.2687,0,0
-1,0,-87.2631,0,0
-1,0,-87.2576,0,0
-1,0,-87.252,0,0
-1,0,-87.2465,0,0
-1,0,-87.2409,0,0
-1,0,-87.2354,0,0
-1,0,-87.2298,0,0
-1,0,-87.2242,0,0
-1,0,-87.2187,0,0
-1,0,-87.2131,0,0
-1,0,-87.2076,0,0
-1,0,-87.202,0,0
-1,0,-87.1965,0,0
-1,0,-87.1909,0,0
-1,0,-87.1854,0,0
-1,0,-87.1798,0,0
-1,0,-87.1743,0,0
-1,0,-87.1687,0,0
-1,0,-87.1632,0,0
-1,0,-87.1576,0,0
-1,0,-87.152,0,0
-1,0,-87.1465,0,0
-1,0,-87.1409,0,0
-1,0,-87.1354,0,0
-1,0,-87.1298,0,0
-1,0,-87.1243,0,0
-1,0,-87.1187,0,0
-1,0,-87.1132,0,0
-1,0,-87.1076,0,0
-1,0,-87.1021,0,0
-1,0,-87.0966,0,0
-1,0,-87.091,0,0
-1,0,-87.0855,0,0
-1,0,-87.0799,0,0
-1,0,-87.0744,0,0
-1,0,-87.0688,0,0
-1,0,-87.0633,0,0
-1,0,-87.0577,0,0
-1,0,-87.0522,0,0
-1,0,-87.0466,0,0
-1,0,-87.0411,0,0
-1,0,-87.0356,0,0
-1,0,-87.03,0,0
-1,0,-87.0245,0,0
-1,0,-87.0189,0,0
-1,0,-87.0134,0,0
-1,0,-87.0078,0,0
-1,0,-87.0023,0,0
-1,0,-86.9968,0,0
-1,0,-86.9912,0,0
-1,0,-86.9857,0,0
-1,0,-86.9801,0,0
-1,0,-86.9746,0,0
-1,0,-86.9691,0,0
-1,0,-86.9635,0,0
-1,0,-86.958,0,0
-1,0,-86.9524,0,0
-1,0,-86.9469,0,0
-1,0,-86.9414,0,0
-1,0,-86.9358,0,0
-1,0,-86.9303,0,0
-1,0,-86.9247,0,0
-1,0,-86.9192,0,0
-1,0,-86.9137,0,0
-1,0,-86.9081,0,0
-1,0,-86.9026,0,0
-1,0,-86.8971,0,0
-1,0,-86.8915,0,0
-1,0,-86.886,0,0
-1,0,-86.8805,0,0
-1,0,-86.8749,0,0
-1,0,-86.8694,0,0
-1,0,-86.8639,0,0
-1,0,-86.8583,0,0
-1,0,-86.8528,0,0
-1,0,-86.8473,0,0
-1,0,-86.8417,0,0
-1,0,-86.8362,0,0
-1,0,-86.8307,0,0
-1,0,-86.8251,0,0
-1,0,-86.8196,0,0
-1,0,-86.8141,0,0
-1,0,-86.8086,0,0
-1,0,-86.803,0,0
-1,0,-86.7975,0,0
-1,0,-86.792,0,0
-1,0,-86.7864,0,0
-1,0,-86.7809,0,0
-1,0,-86.7754,0,0
-1,0,-86.7699,0,0
-1,0,-86.7643,0,0
-1,0,-86.7588,0,0
-1,0,-86.7533,0,0
-1,0,-86.7478,0,0
-1,0,-86.7422,0,0
-1,0,-86.7367,0,0
-1,0,-86.7312,0,0
-1,0,-86.7257,0,0
-1,0,-86.7201,0,0
-1,0,-86.7146,0,0
-1,0,-86.7091,0,0
-1,0,-86.7036,0,0
-1,0,-86.698,0,0
-1,0,-86.6925,0,0
-1,0,-86.687,0,0
-1,0,-86.6815,0,0
-1,0,-86.676,0,0
-1,0,-86.6704,0,0
-1,0,-86.6649,0,0
-1,0,-86.6594,0,0
-1,0,-86.6539,0,0
-1,0,-86.6484,0,0
-1,0,-86.6428,0,0
-1,0,-86.6373,0,0
-1,0,-86.6318,0,0
-1,0,-86.6263,0,0
-1,0,-86.6208,0,0
-1,0,-86.6153,0,0
-1,0,-86.6097,0,0
-1,0,-86.6042,0,0
-1,0,-86.5987,0,0
-1,0,-86.5932,0,0
-1,0,-86.5877,0,0
-1,0,-86.5822,0,0
-1,0,-86.5766,0,0
-1,0,-86.5711,0,0
-1,0,-86.5656,0,0
-1,0,-86.5601,0,0
-1,0,-86.5546,0,0
-1,0,-86.5491,0,0
-1,0,-86.5436,0,0
-1,0,-86.538,0,0
-1,0,-86.5325,0,0
-1,0,-86.527,0,0
-1,0,-86.5215,0,0
-1,0,-86.516,0,0
-1,0,-86.5105,0,0
-1,0,-86.505,0,0
-1,0,-86.4995,0,0
-1,0,-86.494,0,0
-1,0,-86.4885,0,0
-1,0,-86.4829,0,0
-1,0,-86.4774,0,0
-1,0,-86.4719,0,0
-1,0,-86.4664,0,0
-1,0,-86.4609,0,0
-1,0,-86.4554,0,0
-1,0,-86.4499,0,0
-1,0,-86.4444,0,0
-1,0,-86.4389,0,0
-1,0,-86.4334,0,0
-1,0,-86.4279,0,0
-1,0,-86.4224,0,0
-1,0,-86.4169,0,0
-1,0,-86.4114,0,0
-1,0,-86.4059,0,0
-1,0,-86.4004,0,0
-1,0,-86.3949,0,0
-1,0,-86.3894,0,0
-1,0,-86.3839,0,0
-1,0,-86.3783,0,0
-1,0,-86.3728,0,0
-1,0,-86.3673,0,0
-1,0,-86.3618,0,0
-1,0,-86.3563,0,0
-1,0,-86.3508,0,0
-1,0,-86.3453,0,0
-1,0,-86.3398,0,0
-1,0,-86.3343,0,0
-1,0,-86.3288,0,0
-1,0,-86.3233,0,0
-1,0,-86.3179,0,0
-1,0,-86.3124,0,0
-1,0,-86.3069,0,0
-1,0,-86.3014,0,0
-1,0,-86.2959,0,0
-1,0,-86.2904,0,0
-1,0,-86.2849,0,0
-1,0,-86.2794,0,0
-1,0,-86.2739,0,0
-1,0,-86.2684,0,0
-1,0,-86.2629,0,0
-1,0,-86.2574,0,0
-1,0,-86.2519,0,0
-1,0,-86.2464,0,0
-1,0,-86.2409,0,0
-1,0,-86.2354,0,0
-1,0,-86.2299,0,0
-1,0,-86.2244,0,0
-1,0,-86.2189,0,0
-1,0,-86.2135,0,0
-1,0,-86.208,0,0
-1,0,-86.2025,0,0
-1,0,-86.197,0,0
-1,0,-86.1915,0,0
-1,0,-86.186,0,0
-1,0,-86.1805,0,0
-1,0,-86.175,0,0
-1,0,-86.1695,0,0
-1,0,-86.164,0,0
-1,0,-86.1586,0,0
-1,0,-86.1531,0,0
-1,0,-86.1476,0,0
-1,0,-86.1421,0,0
-1,0,-86.1366,0,0
-1,0,-86.1311,0,0
-1,0,-86.1256,0,0
-1,0,-86.1202,0,0
-1,0,-86.1147,0,0
-1,0,-86.1092,0,0
-1,0,-86.1037,0,0
-1,0,-86.0982,0,0
-1,0,-86.0927,0,0
-1,0,-86.0872,0,0
-1,0,-86.0818,0,0
-1,0,-86.0763,0,0
-1,0,-86.0708,0,0
-1,0,-86.0653,0,0
-1,0,-86.0598,0,0
-1,0,-86.0544,0,0
-1,0,-86.0489,0,0
-1,0,-86.0434,0,0
-1,0,-86.0379,0,0
-1,0,-86.0324,0,0
-1,0,-86.027,0,0
-1,0,-86.0215,0,0
-1,0,-86.016,0,0
-1,0,-86.0105,0,0
-1,0,-86.005,0,0
-1,0,-85.9996,0,0
-1,0,-85.9941,0,0
-1,0,-85.9886,0,0
-1,0,-85.9831,0,0
-1,0,-85.9777,0,0
-1,0,-85.9722,0,0
-1,0,-85.9667,0,0
-1,0,-85.9612,0,0
-1,0,-85.9557,0,0
-1,0,-85.9503,0,0
-1,0,-85.9448,0,0
-1,0,-85.9393,0,0
-1,0,-85.9339,0,0
-1,0,-85.9284,0,0
-1,0,-85.9229,0,0
-1,0,-85.9174,0,0
-1,0,-85.912,0,0
-1,0,-85.9065,0,0
-1,0,-85.901,0,0
-1,0,-85.8955,0,0
-1,0,-85.8901,0,0
-1,0,-85.8846,0,0
-1,0,-85.8791,0,0
-1,0,-85.8737,0,0
-1,0,-85.8682,0,0
-1,0,-85.8627,0,0
-1,0,-85.8573,0,0
-1,0,-85.8518,0,0
-1,0,-85.8463,0,0
-1,0,-85.8409,0,0
-1,0,-85.8354,0,0
-1,0,-85.8299,0,0
-1,0,-85.8245,0,0
-1,0,-85.819,0,0
-1,0,-85.8135,0,0
-1,0,-85.8081,0,0
-1,0,-85.8026,0,0
-1,0,-85.7971,0,0
-1,0,-85.7917,0,0
-1,0,-85.7862,0,0
-1,0,-85.7807,0,0
-1,0,-85.7753,0,0
-1,0,-85.7698,0,0
-1,0,-85.7643,0,0
-1,0,-85.7589,0,0
-1,0,-85.7534,0,0
-1,0,-85.748,0,0
-1,0,-85.7425,0,0
-1,0,-85.737,0,0
-1,0,-85.7316,0,0
-1,0,-85.7261,0,0
-1,0,-85.7206,0,0
-1,0,-85.7152,0,0
-1,0,-85.7097,0,0
-1,0,-85.7043,0,0
-1,0,-85.6988,0,0
-1,0,-85.6934,0,0
-1,0,-85.6879,0,0
-1,0,-85.6824,0,0
-1,0,-85.677,0,0
-1,0,-85.6715,0,0
-1,0,-85.6661,0,0
-1,0,-85.6606,0,0
-1,0,-85.6552,0,0
-1,0,-85.6497,0,0
-1,0,-85.6442,0,0
-1,0,-85.6388,0,0
-1,0,-85.6333,0,0
-1,0,-85.6279,0,0
-1,0,-85.6224,0,0
-1,0,-85.617,0,0
-1,0,-85.6115,0,0
-1,0,-85.6061,0,0
-1,0,-85.6006,0,0
-1,0,-85.5952,0,0
-1,0,-85.5897,0,0
-1,0,-85.5843,0,0
-1,0,-85.5788,0,0
-1,0,-85.5734,0,0
-1,0,-85.5679,0,0
-1,0,-85.5625,0,0
-1,0,-85.557,0,0
-1,0,-85.5516,0,0
-1,0,-85.5461,0,0
-1,0,-85.5407,0,0
-1,0,-85.5352,0,0
-1,0,-85.5298,0,0
-1,0,-85.5243,0,0
-1,0,-85.5189,0,0
-1,0,-85.5134,0,0
-1,0,-85.508,0,0
-1,0,-85.5025,0,0
-1,0,-85.4971,0,0
-1,0,-85.4916,0,0
-1,0,-85.4862,0,0
-1,0,-85.4808,0,0
-1,0,-85.4753,0,0
-1,0,-85.4699,0,0
-1,0,-85.4644,0,0
-1,0,-85.459,0,0
-1,0,-85.4535,0,0
-1,0,-85.4481,0,0
-1,0,-85.4426,0,0
-1,0,-85.4372,0,0
-1,0,-85.4318,0,0
-1,0,-85.4263,0,0
-1,0,-85.4209,0,0
-1,0,-85.4154,0,0
-1,0,-85.41,0,0
-1,0,-85.4046,0,0
-1,0,-85.3991,0,0
-1,0,-85.3937,0,0
-1,0,-85.3882,0,0
-1,0,-85.3828,0,0
-1,0,-85.3774,0,0
-1,0,-85.3719,0,0
-1,0,-85.3665,0,0
-1,0,-85.3611,0,0
-1,0,-85.3556,0,0
-1,0,-85.3502,0,0
-1,0,-85.3447,0,0
-1,0,-85.3393,0,0
-1,0,-85.3339,0,0
-1,0,-85.3284,0,0
-1,0,-85.323,0,0
-1,0,-85.3176,0,0
-1,0,-85.3121,0,0
-1,0,-85.3067,0,0
-1,0,-85.3013,0,0
-1,0,-85.2958,0,0
-1,0,-85.2904,0,0
-1,0,-85.285,0,0
-1,0,-85.2795,0,0
-1,0,-85.2741,0,0
-1,0,-85.2687,0,0
-1,0,-85.2632,0,0
-1,0,-85.2578,0,0
-1,0,-85.2524,0,0
-1,0,-85.247,0,0
-1,0,-85.2415,0,0
-1,0,-85.2361,0,0
-1,0,-85.2307,0,0
-1,0,-85.2252,0,0
-1,0,-85.2198,0,0
-1,0,-85.2144,0,0
-1,0,-85.209,0,0
-1,0,-85.2035,0,0
-1,0,-85.1981,0,0
-1,0,-85.1927,0,0
-1,0,-85.1872,0,0
-1,0,-85.1818,0,0
-1,0,-85.1764,0,0
-1,0,-85.171,0,0
-1,0,-85.1655,0,0
-1,0,-85.1601,0,0
-1,0,-85.1547,0,0
-1,0,-85.1493,0,0
-1,0,-85.1438,0,0
-1,0,-85.1384,0,0
-1,0,-85.133,0,0
-1,0,-85.1276,0,0
-1,0,-85.1222,0,0
-1,0,-85.1167,0,0
-1,0,-85.1113,0,0
-1,0,-85.1059,0,0
-1,0,-85.1005,0,0
-1,0,-85.0951,0,0
-1,0,-85.0896,0,0
-1,0,-85.0842,0,0
-1,0,-85.0788,0,0
-1,0,-85.0734,0,0
-1,0,-85.068,0,0
-1,0,-85.0625,0,0
-1,0,-85.0571,0,0
-1,0,-85.0517,0,0
-1,0,-85.0463,0,0
-1,0,-85.0409,0,0
-1,0,-85.0355,0,0
-1,0,-85.03,0,0
-1,0,-85.0246,0,0
-1,0,-85.0192,0,0
-1,0,-85.0138,0,0
-1,0,-85.0084,0,0
-1,0,-85.003,0,0
-1,0,-84.9975,0,0
-1,0,-84.9921,0,0
-1,0,-84.9867,0,0
-1,0,-84.9813,0,0
-1,0,-84.9759,0,0
-1,0,-84.9705,0,0
-1,0,-84.9651,0,0
-1,0,-84.9597,0,0
-1,0,-84.9542,0,0
-1,0,-84.9488,0,0
-1,0,-84.9434,0,0
-1,0,-84.938,0,0
-1,0,-84.9326,0,0
-1,0,-84.9272,0,0
-1,0,-84.9218,0,0
-1,0,-84.9164,0,0
-1,0,-84.911,0,0
-1,0,-84.9056,0,0
-1,0,-84.9002,0,0
-1,0,-84.8947,0,0
-1,0,-84.8893,0,0
-1,0,-84.8839,0,0
-1,0,-84.8785,0,0
-1,0,-84.8731,0,0
-1,0,-84.8677,0,0
-1,0,-84.8623,0,0
-1,0,-84.8569,0,0
-1,0,-84.8515,0,0
-1,0,-84.8461,0,0
-1,0,-84.8407,0,0
-1,0,-84.8353,0,0
-1,0,-84.8299,0,0
-1,0,-84.8245,0,0
-1,0,-84.8191,0,0
-1,0,-84.8137,0,0
-1,0,-84.8083,0,0
-1,0,-84.8029,0,0
-1,0,-84.7975,0,0
-1,0,-84.7921,0,0
-1,0,-84.7867,0,0
-1,0,-84.7813,0,0
-1,0,-84.7759,0,0
-1,0,-84.7705,0,0
-1,0,-84.7651,0,0
-1,0,-84.7597,0,0
-1,0,-84.7543,0,0
-1,0,-84.7489,0,0
-1,0,-84.7435,0,0
-1,0,-84.7381,0,0
-1,0,-84.7327,0,0
-1,0,-84.7273,0,0
-1,0,-84.7219,0,0
-1,0,-84.7165,0,0
-1,0,-84.7111,0,0
-1,0,-84.7057,0,0
-1,0,-84.7003,0,0
-1,0,-84.6949,0,0
-1,0,-84.6895,0,0
-1,0,-84.6841,0,0
-1,0,-84.6787,0,0
-1,0,-84.6733,0,0
-1,0,-84.6679,0,0
-1,0,-84.6626,0,0
-1,0,-84.6572,0,0
-1,0,-84.6518,0,0
-1,0,-84.6464,0,0
-1,0,-84.641,0,0
-1,0,-84.6356,0,0
-1,0,-84.6302,0,0
-1,0,-84.6248,0,0
-1,0,-84.6194,0,0
-1,0,-84.614,0,0
-1,0,-84.6086,0,0
-1,0,-84.6033,0,0
-1,0,-84.5979,0,0
-1,0,-84.5925,0,0
-1,0,-84.5871,0,0
-1,0,-84.5817,0,0
-1,0,-84.5763,0,0
-1,0,-84.5709,0,0
-1,0,-84.5655,0,0
-1,0,-84.5602,0,0
-1,0,-84.5548,0,0
-1,0,-84.5494,0,0
-1,0,-84.544,0,0
-1,0,-84.5386,0,0
-1,0,-84.5332,0,0
-1,0,-84.5278,0,0
-1,0,-84.5225,0,0
-1,0,-84.5171,0,0
-1,0,-84.5117,0,0
-1,0,-84.5063,0,0
-1,0,-84.5009,0,0
-1,0,-84.4955,0,0
-1,0,-84.4902,0,0
-1,0,-84.4848,0,0
-1,0,-84.4794,0,0
-1,0,-84.474,0,0
-1,0,-84.4686,0,0
-1,0,-84.4633,0,0
-1,0,-84.4579,0,0
-1,0,-84.4525,0,0
-1,0,-84.4471,0,0
-1,0,-84.4417,0,0
-1,0,-84.4364,0,0
-1,0,-84.431,0,0
-1,0,-84.4256,0,0
-1,0,-84.4202,0,0
-1,0,-84.4149,0,0
-1,0,-84.4095,0,0
-1,0,-84.4041,0,0
-1,0,-84.3987,0,0
-1,0,-84.3934,0,0
-1,0,-84.388,0,0
-1,0,-84.3826,0,0
-1,0,-84.3772,0,0
-1,0,-84.3719,0,0
-1,0,-84.3665,0,0
-1,0,-84.3611,0,0
-1,0,-84.3557,0,0
-1,0,-84.3504,0,0
-1,0,-84.345,0,0
-1,0,-84.3396,0,0
-1,0,-84.3342,0,0
-1,0,-84.3289,0,0
-1,0,-84.3235,0,0
-1,0,-84.3181,0,0
-1,0,-84.3128,0,0
-1,0,-84.3074,0,0
-1,0,-84.302,0,0
-1,0,-84.2967,0,0
-1,0,-84.2913,0,0
-1,0,-84.2859,0,0
-1,0,-84.2805,0,0
-1,0,-84.2752,0,0
-1,0,-84.2698,0,0
-1,0,-84.2644,0,0
-1,0,-84.2591,0,0
-1,0,-84.2537,0,0
-1,0,-84.2483,0,0
-1,0,-84.243,0,0
-1,0,-84.2376,0,0
-1,0,-84.2322,0,0
-1,0,-84.2269,0,0
-1,0,-84.2215,0,0
-1,0,-84.2162,0,0
-1,0,-84.2108,0,0
-1,0,-84.2054,0,0
-1,0,-84.2001,0,0
-1,0,-84.1947,0,0
-1,0,-84.1893,0,0
-1,0,-84.184,0,0
-1,0,-84.1786,0,0
-1,0,-84.1733,0,0
-1,0,-84.1679,0,0
-1,0,-84.1625,0,0
-1,0,-84.1572,0,0
-1,0,-84.1518,0,0
-1,0,-84.1464,0,0
-1,0,-84.1411,0,0
-1,0,-84.1357,0,0
-1,0,-84.1304,0,0
-1,0,-84.125,0,0
-1,0,-84.1197,0,0
-1,0,-84.1143,0,0
-1,0,-84.1089,0,0
-1,0,-84.1036,0,0
-1,0,-84.0982,0,0
-1,0,-84.0929,0,0
-1,0,-84.0875,0,0
-1,0,-84.0822,0,0
-1,0,-84.0768,0,0
-1,0,-84.0714,0,0
-1,0,-84.0661,0,0
-1,0,-84.0607,0,0
-1,0,-84.0554,0,0
-1,0,-84.05,0,0
-1,0,-84.0447,0,0
-1,0,-84.0393,0,0
-1,0,-84.034,0,0
-1,0,-84.0286,0,0
-1,0,-84.0233,0,0
-1,0,-84.0179,0,0
-1,0,-84.0126,0,0
-1,0,-84.0072,0,0
-1,0,-84.0019,0,0
-1,0,-83.9965,0,0
-1,0,-83.9912,0,0
-1,0,-83.9858,0,0
-1,0,-83.9805,0,0
-1,0,-83.9751,0,0
-1,0,-83.9698,0,0
-1,0,-83.9644,0,0
-1,0,-83.9591,0,0
-1,0,-83.9537,0,0
-1,0,-83.9484,0,0
-1,0,-83.943,0,0
-1,0,-83.9377,0,0
-1,0,-83.9323,0,0
-1,0,-83.927,0,0
-1,0,-83.9216,0,0
-1,0,-83.9163,0,0
-1,0,-83.911,0,0
-1,0,-83.9056,0,0
-1,0,-83.9003,0,0
-1,0,-83.8949,0,0
-1,0,-83.8896,0,0
-1,0,-83.8842,0,0
-1,0,-83.8789,0,0
-1,0,-83.8736,0,0
-1,0,-83.8682,0,0
-1,0,-83.8629,0,0
-1,0,-83.8575,0,0
-1,0,-83.8522,0,0
-1,0,-83.8468,0,0
-1,0,-83.8415,0,0
-1,0,-83.8362,0,0
-1,0,-83.8308,0,0
-1,0,-83.8255,0,0
-1,0,-83.8201,0,0
-1,0,-83.8148,0,0
-1,0,-83.8095,0,0
-1,0,-83.8041,0,0
-1,0,-83.7988,0,0
-1,0,-83.7935,0,0
-1,0,-83.7881,0,0
-1,0,-83.7828,0,0
-1,0,-83.7774,0,0
-1,0,-83.7721,0,0
-1,0,-83.7668,0,0
-1,0,-83.7614,0,0
-1,0,-83.7561,0,0
-1,0,-83.7508,0,0
-1,0,-83.7454,0,0
-1,0,-83.7401,0,0
-1,0,-83.7348,0,0
-1,0,-83.7294,0,0
-1,0,-83.7241,0,0
-1,0,-83.7188,0,0
-1,0,-83.7134,0,0
-1,0,-83.7081,0,0
-1,0,-83.7028,0,0
-1,0,-83.6974,0,0
-1,0,-83.6921,0,0
-1,0,-83.6868,0,0
-1,0,-83.6814,0,0
-1,0,-83.6761,0,0
-1,0,-83.6708,0,0
-1,0,-83.6655,0,0
-1,0,-83.6601,0,0
-1,0,-83.6548,0,0
-1,0,-83.6495,0,0
-1,0,-83.6441,0,0
-1,0,-83.6388,0,0
-1,0,-83.6335,0,0
-1,0,-83.6282,0,0
-1,0,-83.6228,0,0
-1,0,-83.6175,0,0
-1,0,-83.6122,0,0
-1,0,-83.6069,0,0
-1,0,-83.6015,0,0
-1,0,-83.5962,0,0
-1,0,-83.5909,0,0
-1,0,-83.5856,0,0
-1,0,-83.5802,0,0
-1,0,-83.5749,0,0
-1,0,-83.5696,0,0
-1,0,-83.5643,0,0
-1,0,-83.5589,0,0
-1,0,-83.5536,0,0
-1,0,-83.5483,0,0
-1,0,-83.543,0,0
-1,0,-83.5377,0,0
-1,0,-83.5323,0,0
-1,0,-83.527,0,0
-1,0,-83.5217,0,0
-1,0,-83.5164,0,0
-1,0,-83.5111,0,0
-1,0,-83.5057,0,0
-1,0,-83.5004,0,0
-1,0,-83.4951,0,0
-1,0,-83.4898,0,0
-1,0,-83.4845,0,0
-1,0,-83.4792,0,0
-1,0,-83.4738,0,0
-1,0,-83.4685,0,0
-1,0,-83.4632,0,0
-1,0,-83.4579,0,0
-1,0,-83.4526,0,0
-1,0,-83.4473,0,0
-1,0,-83.4419,0,0
-1,0,-83.4366,0,0
-1,0,-83.4313,0,0
-1,0,-83.426,0,0
-1,0,-83.4207,0,0
-1,0,-83.4154,0,0
-1,0,-83.4101,0,0
-1,0,-83.4047,0,0
-1,0,-83.3994,0,0
-1,0,-83.3941,0,0
-1,0,-83.3888,0,0
-1,0,-83.3835,0,0
-1,0,-83.3782,0,0
-1,0,-83.3729,0,0
-1,0,-83.3676,0,0
-1,0,-83.3623,0,0
-1,0,-83.3569,0,0
-1,0,-83.3516,0,0
-1,0,-83.3463,0,0
-1,0,-83.341,0,0
-1,0,-83.3357,0,0
-1,0,-83.3304,0,0
-1,0,-83.3251,0,0
-1,0,-83.3198,0,0
-1,0,-83.3145,0,0
-1,0,-83.3092,0,0
-1,0,-83.3039,0,0
-1,0,-83.2986,0,0
-1,0,-83.2933,0,0
-1,0,-83.288,0,0
-1,0,-83.2827,0,0
-1,0,-83.2773,0,0
-1,0,-83.272,0,0
-1,0,-83.2667,0,0
-1,0,-83.2614,0,0
-1,0,-83.2561,0,0
-1,0,-83.2508,0,0
-1,0,-83.2455,0,0
-1,0,-83.2402,0,0
-1,0,-83.2349,0,0
-1,0,-83.2296,0,0
-1,0,-83.2243,0,0
-1,0,-83.219,0,0
-1,0,-83.2137,0,0
-1,0,-83.2084,0,0
-1,0,-83.2031,0,0
-1,0,-83.1978,0,0
-1,0,-83.1925,0,0
-1,0,-83.1872,0,0
-1,0,-83.1819,0,0
-1,0,-83.1766,0,0
-1,0,-83.1713,0,0
-1,0,-83.166,0,0
-1,0,-83.1607,0,0
-1,0,-83.1554,0,0
-1,0,-83.1501,0,0
-1,0,-83.1448,0,0
-1,0,-83.1395,0,0
-1,0,-83.1343,0,0
-1,0,-83.129,0,0
-1,0,-83.1237,0,0
-1,0,-83.1184,0,0
-1,0,-83.1131,0,0
-1,0,-83.1078,0,0
-1,0,-83.1025,0,0
-1,0,-83.0972,0,0
-1,0,-83.0919,0,0
-1,0,-83.0866,0,0
-1,0,-83.0813,0,0
-1,0,-83.076,0,0
-1,0,-83.0707,0,0
-1,0,-83.0654,0,0
-1,0,-83.0602,0,0
-1,0,-83.0549,0,0
-1,0,-83.0496,0,0
-1,0,-83.0443,0,0
-1,0,-83.039,0,0
-1,0,-83.0337,0,0
-1,0,-83.0284,0,0
-1,0,-83.0231,0,0
-1,0,-83.0178,0,0
-1,0,-83.0126,0,0
-1,0,-83.0073,0,0
-1,0,-83.002,0,0
-1,0,-82.9967,0,0
-1,0,-82.9914,0,0
-1,0,-82.9861,0,0
-1,0,-82.9808,0,0
-1,0,-82.9755,0,0
-1,0,-82.9703,0,0
-1,0,-82.965,0,0
-1,0,-82.9597,0,0
-1,0,-82.9544,0,0
-1,0,-82.9491,0,0
-1,0,-82.9438,0,0
-1,0,-82.9386,0,0
-1,0,-82.9333,0,0
-1,0,-82.928,0,0
-1,0,-82.9227,0,0
-1,0,-82.9174,0,0
-1,0,-82.9122,0,0
-1,0,-82.9069,0,0
-1,0,-82.9016,0,0
-1,0,-82.8963,0,0
-1,0,-82.891,0,0
-1,0,-82.8858,0,0
-1,0,-82.8805,0,0
-1,0,-82.8752,0,0
-1,0,-82.8699,0,0
-1,0,-82.8646,0,0
-1,0,-82.8594,0,0
-1,0,-82.8541,0,0
-1,0,-82.8488,0,0
-1,0,-82.8435,0,0
-1,0,-82.8383,0,0
-1,0,-82.833,0,0
-1,0,-82.8277,0,0
-1,0,-82.8224,0,0
-1,0,-82.8171,0,0
-1,0,-82.8119,0,0
-1,0,-82.8066,0,0
-1,0,-82.8013,0,0
-1,0,-82.7961,0,0
-1,0,-82.7908,0,0
-1,0,-82.7855,0,0
-1,0,-82.7802,0,0
-1,0,-82.775,0,0
-1,0,-82.7697,0,0
-1,0,-82.7644,0,0
-1,0,-82.7591,0,0
-1,0,-82.7539,0,0
-1,0,-82.7486,0,0
-1,0,-82.7433,0,0
-1,0,-82.7381,0,0
-1,0,-82.7328,0,0
-1,0,-82.7275,0,0
-1,0,-82.7223,0,0
-1,0,-82.717,0,0
-1,0,-82.7117,0,0
-1,0,-82.7064,0,0
-1,0,-82.7012,0,0
-1,0,-82.6959,0,0
-1,0,-82.6906,0,0
-1,0,-82.6854,0,0
-1,0,-82.6801,0,0
-1,0,-82.6748,0,0
-1,0,-82.6696,0,0
-1,0,-82.6643,0,0
-1,0,-82.6591,0,0
-1,0,-82.6538,0,0
-1,0,-82.6485,0,0
-1,0,-82.6433,0,0
-1,0,-82.638,0,0
-1,0,-82.6327,0,0
-1,0,-82.6275,0,0
-1,0,-82.6222,0,0
-1,0,-82.6169,0,0
-1,0,-82.6117,0,0
-1,0,-82.6064,0,0
